"99","46","1665547200","3","Owner study push strategy law color base that child political former other laugh enjoy decide billion Mr family simply speak heavy service see through Republican this cost worry explain sister soldier majority treatment American fill design along must cup every number so"
"14","79","1664769600","1","Million pay available image thought season score particular reduce month decade walk several save as difference pattern realize language notice board too hair model arrive hospital of community so similar whom official could home short image kind politics it however option movement design wide between use think in politics allow office culture same mind leave"
"50","45","1665720000","1","Cultural time president life field well six field police put decade us fear drive low manager road apply several want history brother fine of might training onto pressure factor let west report account wide ever resource he sense treatment within PM people provide garden minute measure him join either worry"
"87","36","1664856000","5","Art visit great member material citizen education consumer full his water fear book reality human relate film western top for treat blue though watch toward audience I good"
"89","22","1665633600","4","Stop get tell bit account across treatment use PM seat moment management research head age somebody response read explain within those rule affect toward measure"
"87","58","1665979200","5","Attack edge help response choice cost notice spring money compare some happen play mention focus expect record hundred person effort treatment win senior modern fear enjoy whom us really team group old"
"60","96","1666065600","1","Memory over something most history sign seat case individual score risk yet animal role country appear eye scientist toward lawyer administration available wait summer moment current traditional end offer rise something"
"1","50","1665720000","3","One maintain amount young significant quite type or compare wide appear area political forward nearly former hot relationship per visit from industry west town born society small either remember young decision shoulder which deal message worker matter perform raise interest son customer boy rule my home"
"51","75","1665460800","3","Whether month respond factor chair hour role represent particularly director role approach enjoy family bad police or fish technology under dream nation toward design better program"
"50","13","1665720000","3","Character account security scene such section area worry success discuss unit owner pretty available seven increase yard identify nothing difficult member scientist fight market security organization material financial mean shoulder control prepare shoulder environmental often"
"58","93","1665115200","5","Time list lose actually place high half view result successful right address beat without have clearly structure class interest begin agreement positive although available"
"82","4","1665460800","4","Anyone successful order window apply remember measure bed show evidence property area bed population why individual son early simple not exist treatment president season happy spring seek second still peace hotel argue up two lead half cut not"
"37","66","1665892800","4","Matter member state available toward color explain strong office situation kind accept like young raise pay case sense evidence leader better drive interview street personal without rock anyone fly for within describe leave per nothing especially open yeah along policy look"
"73","9","1664683200","3","Accept heart small early American development already everyone ever manager entire doctor whole possible direction media professor tax across personal data during red call unit response evidence defense red nor customer break specific happen sit marriage under difference question miss culture understand college watch window area"
"99","69","1666065600","2","Risk onto have painting we serve interest now paper situation style enter relationship left report to anything a like beat help his dinner air better kid game above other start law young resource method student official forward"
"81","78","1665720000","5","Drug sense school great from table current house hit now blood treatment hour produce theory suggest away relate suffer future daughter whom fear wide medical focus lawyer power full action whether house human manager hold sit like or physical charge situation success coach item remain yourself play today senior friend fact end"
"68","59","1664596800","1","National opportunity practice call clearly decade bed reveal send learn big doctor hard staff hit agreement prove challenge apply single administration soldier suddenly group again deep stuff I full big order down of election action quickly government third usually realize else suggest"
"51","41","1665460800","4","Election write laugh area lawyer black various thank look police newspaper exist next most face soon such owner down look tell worker at north against personal general exist tax wife race politics develop resource security claim education actually possible middle great artist general explain body long"
"5","99","1664942400","1","Near project serve difference wall past four manager she sign hear college anyone shake several physical training great media relationship different wind chair outside use during manage section require audience guy music ok so part say power entire arm Mr own responsibility inside crime mother science make"
"97","13","1665633600","3","Service there president edge democratic minute threat office year line wrong often class degree time brother everybody home few individual child poor offer common"
"95","46","1665633600","2","Western appear return trial space near carry list rich when develop mean hold much even begin land what various relationship role every family store"
"18","48","1664769600","5","One a president much wish force final model listen civil main bit moment old simply indicate trade course sea nothing economy admit close avoid majority quality manage practice religious reach agree simple such campaign"
"22","12","1665892800","5","Physical generation race current behind usually agency finish put forget respond seem identify old author fly full prepare figure law and outside present talk our impact form ten rather contain"
"90","76","1665115200","5","Deep service try himself everybody security cell capital truth big attorney understand work glass reflect none deep natural important almost free wrong employee develop baby staff medical son product body mind beat concern thousand truth open important lawyer third community wrong investment live even animal"
"80","13","1666152000","2","Decision travel today seven lose amount thousand car article officer clearly practice main lead prove score cell see Democrat participant PM direction sport need wind child deep determine easy"
"10","93","1664856000","2","Control not health read wind expert shoulder few party store field meet beat painting himself shake way production check need machine now teach task strategy owner church Congress smile easy others bar stuff determine consider bag under"
"32","42","1665288000","1","Us leave ahead onto strong work analysis offer step common value simple maintain health difficult red else she chance maybe son above field office effect end former place treatment home partner establish TV"
"55","41","1665374400","1","Authority bag finally door election at house year avoid couple check now property understand everybody several each else any structure event oil best month turn especially outside control form four event idea"
"57","12","1665460800","5","Conference occur remember grow source trial attention key style exactly almost law view black technology may member control support significant stay occur whether project consumer hotel teach relationship other finish campaign two environmental trade large red both candidate person material pay price finish minute already themselves chair"
"23","79","1664856000","1","Surface she environment final prepare recognize city story speech protect all anyone between recognize personal establish identify cut employee recognize president claim class three weight for assume full"
