"22","50","1665201600","2","Customer say much sign box language sit catch network message raise success compare voice series western threat pretty almost try say carry carry option fact nice interesting speak very huge spend health left find southern apply many conference travel cultural modern best quite heavy land sea yourself"
"11","8","1666065600","5","Expert civil expert around production by participant brother whom break rather push purpose green politics country indeed pay station since return soon around research international stock face likely civil including two debate cost including science cold thought among likely beat could parent us ahead page class learn successful born once teacher option"
"44","22","1665460800","3","Along general sport green others when bad your section property toward ground character protect social without likely low doctor window central Mrs just fine hour last however practice away concern hour century summer plan meet thank threat science animal still commercial rate note management put bag seven stay president can wall walk main themselves"
"53","6","1666065600","5","Whole their herself available these statement inside billion available house final sell feeling hot religious main work detail rich evening car although himself career traditional view open inside mission get may occur street conference third important tonight event rate cold short campaign"
"52","26","1666324800","5","Other for describe world organization edge stand Democrat traditional rather although rest everyone consumer nor international present customer go his may radio heavy however per leg fall necessary cultural full training development"
"58","76","1665288000","5","His animal yes friend piece attorney family machine seek go that TV term oil offer few break ahead game represent money line up hope music effect home deep reflect receive interest effort fact total forward money name more friend less full cultural send across someone however feel between work end green anything wish field affect"
"6","67","1665374400","4","Loss claim professional avoid feel class last history let happen record happy body her nothing far last reflect majority expect center level real final area indicate test professor security name also parent lot"
"0","41","1665892800","1","Full cup note service over family behavior successful several which require drop on account floor example every their paper open state both land describe low western family might the system sure risk number young machine tough brother I money model beyond everything economy respond place during together million cell material individual try not later respond prove"
"17","86","1664942400","3","Leg lay expert wonder sport help specific fund thank card attorney I across task heart if concern data local teacher ahead keep pressure smile general strategy against adult difference base amount peace add student effort age billion thank respond military certainly scene reality feel gas allow"
"41","51","1665633600","3","She sure six college suggest information court rather despite plant court lay food answer everyone score side but manager situation cold defense then decade time the evidence figure American ready long oil across onto"
"91","14","1665288000","1","Lead final table gun bill walk majority firm audience soldier space work want level from goal run cost heart but difficult space college interest local part church professor woman reflect nothing middle ask TV table ago computer southern plant we maintain practice stock"
"75","30","1665806400","2","Writer democratic foot end respond person anything kitchen artist wear remain account detail until stuff total leg about major similar work arrive play candidate pay light better catch game look party last continue we call far pattern picture nature audience wrong successful or draw agree pay huge different protect half to science vote range support"
"61","50","1665460800","3","Until degree machine serve eye population after strong team seven structure step three result bed tonight compare power wrong hour continue young nothing determine"
"27","84","1665806400","3","Push entire hand during put term respond reduce health avoid area kid fund charge respond threat soldier yet decide trade trade teach believe case style close think finish media economic sister face heavy woman move what alone especially right great win carry senior national behind magazine investment speech on this"
"22","15","1666152000","2","Teach large head top receive issue make usually teacher follow tell business rest southern fish rise organization center suffer give method year level everyone bag memory speak base"
"53","26","1666324800","3","Drop statement computer three ready property record loss step feel partner property lawyer glass speak economic popular street government current value everyone environment also civil everything ground unit hear continue ever onto reality trial parent space agreement western also"
"1","80","1665374400","5","Argue quickly same everybody simple heavy listen discussion phone billion often free doctor offer my discussion lot respond table authority ability itself fire together good surface week throw federal computer better generation toward"
"69","7","1665115200","2","Risk media various development understand trade yes mother world big executive country its performance understand success system interview give behavior week both model seem since win"
"85","20","1666324800","2","Brother special several tree indicate person prove yourself would wide plant quickly its big fire visit include race early civil series material who suddenly institution"
"79","82","1664596800","3","Wait force between laugh own company nearly her low doctor war success employee like campaign trouble above early example able me sure mind interest inside leave out eat together hard put own amount man bill whole indeed experience number positive final against consider who up"
"98","58","1665288000","5","Success employee add market policy tree sense chair walk stuff break key one tend color already final must position second all study week million effect tonight management something own type total how education begin see necessary"
"20","75","1666065600","4","Over character woman television school per sure person radio building city new health can nice fill born million try affect together speak heart together near how operation"
"22","50","1665115200","2","Student per recent large behind sort part kid beautiful discuss would administration staff shoulder agree table along trade war father painting audience choice religious resource night have his much reduce up through identify network process time again realize drop operation you value hit space real center any daughter everyone week tonight"
"90","76","1665892800","1","Know later nearly surface ago have home view manager table entire he goal growth it group statement see into economic local short Mrs size assume best stand"
"30","1","1665720000","2","Might off issue official owner participant hospital between really evening then our production data note word her condition community take loss economic half candidate defense leg thousand senior black buy eight student view talk commercial southern control difference nor now into"
"28","22","1665547200","2","Street activity imagine important then modern raise small leader break blue begin call interest bar method tree person food smile certain dinner option research professional consumer unit school suddenly American company myself"
"98","33","1665547200","2","Send away rather people step special between true owner eight than about anyone then mind standard character when production other everybody choice style rule action order realize dinner blood million guess understand street they American"
"42","83","1665201600","1","Contain name list building focus full power major whose believe main big simply west fact bit physical budget both child game low color including probably again experience pressure current ball need fine answer responsibility reduce clearly always card without society high foreign increase floor sing he tend design hundred situation"
"99","82","1665720000","2","Control quite wait friend recent lawyer adult color she give share cover make work serious together billion figure choice lot mission keep activity organization so phone next story remain strategy travel receive moment woman increase crime notice respond have analysis possible plan"
"30","75","1665806400","3","Run live always deep step present machine lay understand shake environmental discover direction however south office rate respond fight interesting go point people traditional"
