"0","tamaramorrison@hotmail.com","pbkdf2:sha256:50000$yG92fpcx$ee24e92b34ee93228477236b4d1690a56323c7347cae01012c9e92869196c5de","Gary Cross","9342 Lori Bypass Suite 711
East Sandra, CO 92162","472.69"
"1","carlsonholly@yahoo.com","pbkdf2:sha256:50000$92XAXWDt$64e2bb9e854bfb50eceb818f82c51e53e6c2b409913c1ec3a3a0d3c899c7b5a6","Tracy Robbins","230 Megan Junctions Suite 197
North Thomas, OK 67164","469.39"
"2","bairdemma@hotmail.com","pbkdf2:sha256:50000$vfjF2v6a$be0c787689602af117ea6aa9efd27063fbfd61c040ea32f7b88b45f789db7777","Anthony Carson","4217 Burton Brooks
Robinville, KS 17988","334.66"
"3","zsmith@hotmail.com","pbkdf2:sha256:50000$Nh3YRt5B$1f93346069250114c2281fabdcc9ff9941c17857da74938d600809bfa7ea41ce","Sara Evans","361 Robinson Green Apt. 635
North Lynntown, NC 59694","385.86"
"4","berryerika@hotmail.com","pbkdf2:sha256:50000$ZvHLo93d$c4eedf87c83a277c68820165eda916534350a2a4daad0bf7d8ec1914311eadc4","Charles Scott","634 Petersen Orchard
Lawsonbury, AK 86613","453.00"
"5","debra94@gmail.com","pbkdf2:sha256:50000$yBhXUALd$e1b175ff9dfe3ef30b3f9e1d28e7b72bdce3a2cbda8b8dfd45ed1716357905ee","John Ellis","306 Watson Field
Kellyland, AZ 64223","130.03"
"6","eric22@gmail.com","pbkdf2:sha256:50000$0oeajHDY$cfac25b5e30609e6509435da7a67ff52581201e597aaf54b3cd9e4d3dd679186","Melissa Cantu","45602 Phillip Squares
East Robertside, WA 19150","302.54"
"7","bramirez@gmail.com","pbkdf2:sha256:50000$u4OncIYe$0fb65ac550e7bc51d69805b74ff6b4d99bd644a3483eb109525e242197b72fe6","Michael Montgomery","46896 Garcia Glen
Justinborough, CO 05147","36.33"
"8","yroman@hotmail.com","pbkdf2:sha256:50000$oBq6Kc6t$b7ce5529bc929d1142bd783e00394f6aba52a90895beb2563037329716da5602","Andrew Oliver","90603 Monica Lakes Apt. 239
Cheyennehaven, LA 46778","210.58"
"9","nhenson@yahoo.com","pbkdf2:sha256:50000$7E6t89mV$2e0edba52ee3ec739dbe8a1d430d378403db7a1e01679f395487d699cc884d5f","Kristen Smith","602 Tracy Crossroad Suite 556
New Rachelside, ID 93702","151.99"
"10","jensenanthony@hotmail.com","pbkdf2:sha256:50000$A8BmqSnB$658eb7aca17badd6e2906290d464777f44b1b1d5107c06f5d9d6347e3dc65eb1","Mark Burnett","38277 Padilla Common Suite 296
Port Leslie, MS 08257","106.04"
"11","jennifersimmons@hotmail.com","pbkdf2:sha256:50000$74kM5vv4$b0b9c2c0159a320016de685273d99470b3b8c20744631404b20c8ef42b5f55f4","Cassandra Murphy","299 Johnny Valley Suite 007
West Kellyberg, IA 67011","182.20"
"12","stephanie28@gmail.com","pbkdf2:sha256:50000$ygBL57Ci$63badffbf1ecdfe309eb4885ccd42a13f665d9fc38d5c5697a1bd42a9464a0cd","Amber Moore","188 Fischer Grove
Justinchester, VT 37258","484.33"
"13","mark06@yahoo.com","pbkdf2:sha256:50000$HITnKP27$db7512d26978b1a08fe26f6b00946f58b6097852a18654338531c18a8d7a2aa6","David Macias","550 James Creek
Williamstown, MO 16920","391.81"
"14","gutierrezbryan@yahoo.com","pbkdf2:sha256:50000$aDE8i2Fi$37ab19c2fd8743de5b54040bf4def5435270a556d211c06edc942e702c429266","Kelly Mckinney","251 Brown Knoll
Emilyshire, NH 54532","92.03"
"15","andrewholloway@hotmail.com","pbkdf2:sha256:50000$ghazADA6$764f76e4073ccb22cfe9e5aa28952fca5626cdca5db68e14174a6269b6aacd3d","John Barron","922 French Manor
Bradleymouth, IA 18566","186.65"
"16","gonzalezsusan@gmail.com","pbkdf2:sha256:50000$Ekw6WJxj$7920abe44c0aa246a354ac1a8a0712cdc55c0f7f4446292640353f8a4ee4b985","Sarah Thomas","0486 Evelyn Grove Suite 352
North Christie, AK 56937","295.50"
"17","deleonwilliam@gmail.com","pbkdf2:sha256:50000$y50tyGOG$960cfa13bccc6b284a7784bfe491eac66bdf1a7a4082f881c588ca009f6b88b5","Maria Harris","693 Erickson Lodge
Andrewberg, MS 22958","453.56"
"18","simpsonstacey@hotmail.com","pbkdf2:sha256:50000$j1NgsZNs$615e7fed5b7e4270d812b149cdafea6568039be560ef79762ac0e2a29cc87cd7","Charles Shields","635 Valencia Drive Apt. 437
Justinberg, WI 16158","205.45"
"19","meyerchristine@yahoo.com","pbkdf2:sha256:50000$VQ9DTWf7$2178cb7c6c7755ad9f3b159ac10005bf396d5b99407e712ac187fe98e11b0b34","Aimee Nichols","66706 Patrick Track
New Stephanietown, MI 92756","188.43"
"20","lopezsarah@hotmail.com","pbkdf2:sha256:50000$rtvEwjqV$22ac39886d9f7ed9e133016ec82e81a9613ed0632cdb962e89e9eaa11740758e","Karen Perez","50592 Myers Field
Crawfordburgh, AR 44929","454.97"
"21","janet06@gmail.com","pbkdf2:sha256:50000$aj2eI4nl$6ef99259696a327c1a0d17fe9d4b96fd4926b4122b99dd8a2f4da47fdfcacc16","Mark Mitchell","302 Parker Plains Apt. 197
East Robertstad, CO 98152","11.98"
"22","martintyler@gmail.com","pbkdf2:sha256:50000$hmZfLEwp$dd0e85e18f45ad78d2222d7484872cdb96b1b0399e9fa58ac7e2e8a2b95a6035","Timothy Anderson","51986 John Cove Apt. 927
New Marybury, CT 73611","428.90"
"23","hendersongavin@gmail.com","pbkdf2:sha256:50000$yjg3PfX8$3125e943ed452b0089939419d5f47ebef418d918bcd0bac16ff5c8b85a010cec","Alejandra Singleton","0314 Madison Crossroad Suite 058
Martinezbury, LA 35700","206.55"
"24","twright@hotmail.com","pbkdf2:sha256:50000$5TgnaZUp$c96412403803e8806f2de5f539393a555ab0ae233e5d6ef0e94c6dcddd670621","Kim Nolan","92555 Shaw Spurs Suite 207
New Randy, ME 58221","71.60"
"25","jack27@hotmail.com","pbkdf2:sha256:50000$cJUCT1WH$5426e8e4d77b8164c77672f616cb68ec233b35ad1e5c22c5d053e6d273c4c72f","William Smith","300 Merritt Bypass Apt. 816
Martinborough, AR 44951","497.17"
"26","newtonsean@hotmail.com","pbkdf2:sha256:50000$3Qbr32mh$e2c8a85d3dbbf6aab2cacd8f73f00e22f6bae6c003b581d9f45e77567e512395","Lisa Beltran","392 Barbara Heights
Johnnyfurt, AL 83909","441.06"
"27","destinywoods@hotmail.com","pbkdf2:sha256:50000$Nsf4nZK1$6b13b97fd90e72450ee76dec8a03906b291e46029db9a2486d0a4ad93d5f2d97","Rachael Diaz","78264 Lewis Burg
Lutzburgh, NV 41821","296.41"
"28","santanajimmy@gmail.com","pbkdf2:sha256:50000$qeiDeYjq$5cc6515760de8519623b79c160204dbb59727e0f3d1924128c9c74c5e80352d5","Patrick Graves","96299 Joshua Estate Apt. 932
East Jonathan, ME 19541","376.78"
"29","yfitzgerald@hotmail.com","pbkdf2:sha256:50000$KwAZTUTA$40ac8ec52466318155e175daa5d29622a27d807a6121470d590dbe79384cd99d","Katherine Gomez","049 Black Ports
Clarkborough, CO 13289","274.51"
"30","luke15@gmail.com","pbkdf2:sha256:50000$dt7XKohR$f470ad8b027563d7543801ec36abac50994ca90595ed662e5052d7b93705e1ce","Jacqueline Howell","Unit 8666 Box 0271
DPO AA 83004","338.19"
"31","tbraun@gmail.com","pbkdf2:sha256:50000$wtYNiYgP$af70878a732b8533813162fa64ceb02b93344490f8bacbbddb8ae449cb75903a","Mario Shelton","55466 Tonya Shoal Apt. 319
East Monique, NV 42401","498.01"
"32","aanderson@hotmail.com","pbkdf2:sha256:50000$x3q0ad7v$2977eac222962cc9463230a832ba4643706f8c849bd16523a35d9545091e53a0","Timothy Hayden","61604 Kevin Pine Apt. 850
North Christopher, MA 59789","433.25"
"33","pperez@hotmail.com","pbkdf2:sha256:50000$YCz0J60q$b25582808c010fae35f10b6de5e688a5c10ed2ff7e79ef071bbf3ed1a5c70072","Ashley Martin","60969 Justin Passage Suite 774
Joshuaburgh, IN 61092","165.82"
"34","justinbonilla@hotmail.com","pbkdf2:sha256:50000$6Iw77Uj6$e9d9b36591e9b9617c9bd834a1bacc81baf6e5e219740df739284b10647aa3e4","Daniel Patterson","726 Hardin Locks Suite 785
Robertshire, WI 22773","177.04"
"35","richardsandrew@hotmail.com","pbkdf2:sha256:50000$Lo3UJQDK$2879da7da6e78c4577af93a598a7b8e4f48fd067aecaa46471fc127dff30e3bc","Jordan Parker","19131 Reynolds Crescent
Robbinsmouth, VA 22528","276.13"
"36","jesse06@hotmail.com","pbkdf2:sha256:50000$RU4Dln09$1c3c82121e4f3cdcfce0fb3cecf312e80a1f01d55c70bf730f4052006eb8511f","Debbie Taylor","0415 Smith Springs
Jeremyburgh, MN 69154","324.14"
"37","johnny46@hotmail.com","pbkdf2:sha256:50000$CriNRBLA$e23fd07d1bce97016810c1f7dcbb22706e1805a6041f1bba4fe817310b9a88cc","Timothy Kerr","4600 Peters Union
Jennifertown, NM 89462","414.49"
"38","freynolds@yahoo.com","pbkdf2:sha256:50000$SZjmIgU8$5273a10861e18d89a715ea9812e30fae2b121ff2b558833bbcaf0c24aaf11231","Julie Taylor","3412 Morris Highway
Cooperburgh, DC 92892","174.28"
"39","lewisabigail@yahoo.com","pbkdf2:sha256:50000$rg6T92e2$9fc1982df7d6abe53c6fb772ba646e0ab582853db09308e2efaacda61517bd97","Brittany Wilson","8647 Donald Extensions
Perezbury, DC 58169","222.12"
"40","richard56@yahoo.com","pbkdf2:sha256:50000$xlRxN3eg$4b4f3ca87dbfac495a8fdd90fec6154a9be56c3dc0a5ba1e1ed8fdc5c32a6be8","Daniel Cortez","6622 Lee Extension Apt. 148
New Melissa, NM 16412","246.31"
"41","rfuentes@yahoo.com","pbkdf2:sha256:50000$lDm1tXvc$290f120ad93a4a2043f2370a845a15d86f10788ee21d93c4c47d656cc57ca54c","Karen Snyder","1245 Lawson Overpass
Smithmouth, FL 54778","413.03"
"42","amandarobinson@hotmail.com","pbkdf2:sha256:50000$hn7D5f1D$9b44b5e06ca8ab7530396c09d0d5b2e29d585d40c7b6eb9014bcdcd0a1260f17","Christopher Barber","Unit 9122 Box 9990
DPO AA 34602","109.68"
"43","gstone@yahoo.com","pbkdf2:sha256:50000$FqCJMmPe$4f11de03d614a0951ae03ec208dd4bf79b10a4f2a441d24395f78cbb71229ff0","Alexis Williams","7803 Ellis Ferry
East Austin, LA 99768","165.42"
"44","ginamartinez@yahoo.com","pbkdf2:sha256:50000$w38gzZB1$1be3258b838228b5eb05fd6897167aeb8bb7dfc4b4250471a1807d0c723883e9","Michelle Estrada","0808 Cohen Glens Apt. 841
New Theresaside, HI 19821","408.15"
"45","powelljudy@hotmail.com","pbkdf2:sha256:50000$qaZ0uBoi$d4235d673a4a0f469242d4281672fbe9fa43e4987eff073536558b6db661e306","Francis Lynch","11892 Howard Pass
South Kimberly, PA 24998","497.43"
"46","elizabethstewart@hotmail.com","pbkdf2:sha256:50000$uOTRtoXD$87dbe8cc5edc6e6705848615751bce2e38ba81890e2de039fdf545bcf5158eaf","Traci Carpenter","74632 Smith Way
East Ashleyton, MN 07618","341.28"
"47","kaitlyn18@hotmail.com","pbkdf2:sha256:50000$LTd7glbR$d98c8e08736909621956495015ec7f643ccfa59caeb480bd4e18e7da1832c43b","William Mccarty","8443 Morrison Neck
Markshire, PA 79269","396.37"
"48","ywallace@hotmail.com","pbkdf2:sha256:50000$BQjTb1OR$6c1215e73b99942119130e82fb0d74f5f26922d9190a556714a9dd0e821a1755","Devin Oliver","07432 Garcia Trafficway Suite 804
East Brianview, NC 87085","396.74"
"49","ricksmith@yahoo.com","pbkdf2:sha256:50000$ogXXxWNG$caf5142253ecf33ac880f20ddd36d9192cfff3472dc8dcda5d8cfea01faf1608","Valerie Rivera","90555 Valerie Springs
Michaelchester, MN 75887","129.19"
"50","richardharding@yahoo.com","pbkdf2:sha256:50000$a22r1hXg$05e22af90bb102909259e35ba03d9a3d452ceb9f0856a0693e1d9c8903dabbfb","Mr. Kevin Riddle","0422 Martinez Road Suite 296
Lake David, NH 41606","245.44"
"51","martinezsarah@hotmail.com","pbkdf2:sha256:50000$IDc15wxy$f90745a082fdce978cf78170f111059bd9f82b8652c02c5c503a6f63a8a172a3","Kathleen David","9516 Cook Ranch
Melissaside, AR 04391","174.93"
"52","alexanderboyd@yahoo.com","pbkdf2:sha256:50000$eGQ35Ehp$9aebdade21df2af9eb7f446d8b4d75b7ec5463127ed11cf588e51a8d9ce08924","Stephanie Calhoun","554 Victor Forest
New Rebeccaville, NE 84490","51.04"
"53","mcculloughpatrick@yahoo.com","pbkdf2:sha256:50000$3UNSPwwI$abacb89769d42f9637dc0108e8053fcd5cd5b39fe5ab83c5972fce7d10275359","David Mckee","0051 Natalie Pine
Port Ashleyside, IL 78104","297.52"
"54","jason73@yahoo.com","pbkdf2:sha256:50000$MLrESVII$aca871062f625f4411a8b1b072aa251cd9d75adc4de9b7baca29e2b8030ad8e3","Jorge Nelson","USCGC Roy
FPO AP 62955","225.86"
"55","susan41@hotmail.com","pbkdf2:sha256:50000$M1eO7zLP$9e45750003c79c4364d8025b1423b00f1a0e2f3e7be79b9d5fd60702f0c97b89","William Edwards","70754 Strong Camp
Port Ethan, VT 92827","473.98"
"56","patrick03@hotmail.com","pbkdf2:sha256:50000$stE0NwtG$6ac2200de15167b667d3c00528b9a409405d93bc39415cdc5af2c026bd9c920f","Ms. Kimberly Edwards","0066 Heather Springs Apt. 563
Kaylahaven, OK 20841","370.11"
"57","jmcmahon@gmail.com","pbkdf2:sha256:50000$vNuAVTM3$74db3b77f24625bb073b4953d7b01d3a14e30a62afe97bad15cb498ff9de2084","Jimmy Walker","521 Gibson Fields Suite 602
Tiffanyside, TN 57606","475.99"
"58","brownshane@yahoo.com","pbkdf2:sha256:50000$dLFkNyvA$6c1d3f7c01d3c840fc5e5d06d213c54c8b66198816cc304dd2c596b564ddd13e","Tracy Davis","900 Stephanie Locks
Kristenfort, CT 73331","76.10"
"59","gregorymontgomery@hotmail.com","pbkdf2:sha256:50000$dHYl3Snl$4ffb6cc6da8312be1f1d73e546f5ad6043d19fd6d7b3aced5ba60713bd50d34d","Stephanie Garza","53799 Sydney Parkways Apt. 735
Matthewtown, NE 99089","453.82"
"60","nathan44@hotmail.com","pbkdf2:sha256:50000$m1VvXJ7E$39a29b7e2b22fa622b40dd953a2203739fea2b754c712b160ffb616e696ba29f","Timothy Padilla","2616 Donna Mountains
Alexandertown, NH 64221","362.00"
"61","qdyer@yahoo.com","pbkdf2:sha256:50000$Xk9H81Tg$241580681183cb39d49d40a1629e75ca2e0cd387137b61f5fecbad1ab9013bd1","Tammy Sexton","5640 Sara Lakes Apt. 150
Valenciachester, OR 56221","127.83"
"62","debra49@yahoo.com","pbkdf2:sha256:50000$8Rc9hJJZ$1f64ccea1d0170003fbbfa40abb1ad2a71e85ac40ade07c743fd6b66ceb50865","Cody Morris","57680 Weaver Route Apt. 509
Duffychester, TX 94575","30.39"
"63","amanda91@hotmail.com","pbkdf2:sha256:50000$1CwFF7S9$751c221771cfe4a4a210fe894192ed5e919fc9b3a8443d3addbc31db15b852f1","Lindsey Davenport","Unit 5182 Box 9799
DPO AA 69551","179.34"
"64","mhiggins@hotmail.com","pbkdf2:sha256:50000$U7DPnegK$8b5f4ec73243a5053a26b672a5bdd0aa3e9f0253e0fc7802530f9230916c78a3","Ronald Ferrell","0587 Donna Skyway Suite 195
Port Brendaburgh, ME 87382","447.23"
"65","mary99@gmail.com","pbkdf2:sha256:50000$Yptw9ucQ$8a86824dcf8dc1014712cc0653f23ebc34c57fefb2eba207ff8166bf35600b1a","Caitlyn Fisher","725 John Summit
Wellston, HI 80342","405.02"
"66","heatherroman@hotmail.com","pbkdf2:sha256:50000$kMpZiKa4$ec3c31e0cdb1281ad7dd90399f1cd09cfca33306a1d76a37d7f008b030705c4c","Travis Richardson","643 Shelly Spur Apt. 344
Port Danielberg, NM 34987","361.17"
"67","jeffreysmith@gmail.com","pbkdf2:sha256:50000$u0rx2RMe$e665c7a1c7799ec33f5c8276c4ff60460e8fbc6a51d2ee82ebb5fc9c988d91ac","Samantha Parrish","9440 Nelson Course Apt. 907
East Christopherview, VA 10193","472.08"
"68","joshuawatson@hotmail.com","pbkdf2:sha256:50000$lsAGVB1K$3ecad47149b850d32481a7d9c9e11b3f2d4990b1310285e2261cb7918ae0c804","Jonathan Ayala","87513 Collins Radial Apt. 001
New Roberto, NY 12950","46.61"
"69","christopherwilson@hotmail.com","pbkdf2:sha256:50000$ChTWVHqs$695315dfa00d9bf61e41ca4717b9de68c28ae637ed751d9421e500d2c05e4c29","George Butler","8103 Michael Way
West Linda, ME 25927","442.81"
"70","patricia10@yahoo.com","pbkdf2:sha256:50000$TpxjkTou$83e5fac52803626c1f407de0f72b1a7bd699affe74559d818f4ac6f5addb7f0d","William Bailey","Unit 4616 Box 6533
DPO AE 79485","227.49"
"71","michael74@yahoo.com","pbkdf2:sha256:50000$WfVEmJif$01a927834c90dce3e2567abfa9da9d62940c0dddbec97519c2ad25ffd04b481b","Kimberly Park","6179 Chapman Turnpike
Davisville, AK 20599","272.72"
"72","upayne@hotmail.com","pbkdf2:sha256:50000$DntoucFc$7428a8a12a1b0a7c57c8cabaebf822e4f9175637ec75d684354ecc77399e4700","Sonya Lucas","9623 Darlene Vista
Boyerhaven, WV 23452","487.18"
"73","kathrynespinoza@gmail.com","pbkdf2:sha256:50000$0rWCFeIN$71bb1a4bec48dbc8d15cc034f46c5afe6b72cce7df52c2b5ad4c8ed9aa9c66d9","Heather Jackson","9018 Lara Green
Ronaldfurt, AL 96547","145.70"
"74","nicole92@hotmail.com","pbkdf2:sha256:50000$31udxXkF$f734dc93c7ab70b18ce3b6aaa1d01722790c4a05e939764c056051ea73a6bff4","Erin Williams","21827 Alejandro Bypass Suite 314
Shannonbury, TX 79795","284.55"
"75","alexandramitchell@gmail.com","pbkdf2:sha256:50000$A3XFsgAW$d4bd53c691f06fa394a18e52b7d36bfa0f5496fddeba7c1975ff2c4801373630","Matthew Forbes DDS","65659 Kirby Island Apt. 019
Rodriguezmouth, IN 45087","171.90"
"76","gregg31@yahoo.com","pbkdf2:sha256:50000$QPuXjhTR$7a8c9df70cd3a0a9c86d6b24462847c418dafd2c3f9185ae10ed0ba4af00c430","Eric Norton","1183 Stephen Prairie Suite 402
Lake Stephaniemouth, TN 99530","289.39"
"77","evanslisa@gmail.com","pbkdf2:sha256:50000$R1hW3O2u$dbd1a3c7a06a1db8e484edd47d0f7ac194c6105ee30431ab08a8c7d5a0f6e502","Kevin Massey","7804 Hudson Hills
Amberfurt, LA 10945","229.89"
"78","shawnharris@gmail.com","pbkdf2:sha256:50000$2WpMTBtU$51f17bf790a8d1b11942a4d35da9c66d2dbe2a9e52904e380856a645a2bb10b0","Michele Hall","726 Gerald View Apt. 592
Huangstad, RI 55872","339.53"
"79","danieltucker@hotmail.com","pbkdf2:sha256:50000$Nr9KI1Fi$5fe6453018faed29b1873d8b6fe351e518d5fe43ce011d2139910923b4526f5e","Jessica Miller","67926 Ann Alley Apt. 895
Port Davidhaven, IN 92657","360.21"
"80","morgantaylor@hotmail.com","pbkdf2:sha256:50000$CltsxI10$674ee8d8f83db3251d149d7052aceb956829af09788ef9f645b243341c7c5a93","Samantha Olson","USCGC Murphy
FPO AE 11473","101.75"
"81","debra23@yahoo.com","pbkdf2:sha256:50000$b5F2GPKT$f08ec66b0b913d62b4b05ff32eb706df771a637c00300e903b2b97378233b61c","John Bell","2907 Madden Prairie
Lake Desireefurt, MD 53140","174.48"
"82","petersonshelly@gmail.com","pbkdf2:sha256:50000$ntCkMgr3$fe146e6ebcc31d1460bb8d22542cf5fe3b75091bb9685e4fdd2a222787cf4268","Joshua Salas","3400 Ryan Springs
Michelletown, WI 80213","0.73"
"83","valerie19@hotmail.com","pbkdf2:sha256:50000$O1gJPc7n$c8b123f24c811773e0c09302c322cc7f15f702b6b159dee4f3e383ea51530fa4","Richard Morales","769 Deleon Flats Apt. 564
Alisonmouth, DC 43604","76.15"
"84","paul12@yahoo.com","pbkdf2:sha256:50000$fz8IKjDR$e29d9e20c05df922c1bc6f1a8bb0f960bfbcdbb99a2731135257c050b9391b18","Joseph Johnson","215 Kristen Ports
New Deborah, IN 29790","285.52"
"85","barbaranewton@yahoo.com","pbkdf2:sha256:50000$WoLcyPwj$201a5b2975af13f4bd1f0c29f19192b7a5db1ed823bb0a17497cdab70edb1388","Crystal Palmer","71463 Stacey Pike Suite 340
Port Rhondatown, AR 79141","498.30"
"86","rbuchanan@yahoo.com","pbkdf2:sha256:50000$jAopaGaf$ae9ef8cc43114e68ed3448fbdbd53df21c7fcef769b6eb7df15f2248e8a9a4ba","James Gray","813 Charles Extension
South Kristinstad, NH 23833","296.52"
"87","christopher24@gmail.com","pbkdf2:sha256:50000$jM81YTEy$8d3fcb546e71f74321d5c182da8fb3f540ce64f83fb5ac5b0e9fe88ccae1d31a","Eric Myers","089 Tamara Stravenue Suite 340
Aaronmouth, MA 13454","329.24"
"88","mercadobrandon@gmail.com","pbkdf2:sha256:50000$7ZOSt5te$8d1b4dfff59a650952c0c132f65583ff592861bf5bb0534e3f9bb749d6b031ec","Cassie Hogan","8393 Davis Spring
North Coreymouth, MS 82835","352.51"
"89","bnelson@yahoo.com","pbkdf2:sha256:50000$lRoB3kL3$483cdb3c3bcd2324a3b62626396bffe37ae8a8f7224a40e0e24ed172f5fb21a9","Karen Lee","3137 Mark Villages
Boonefurt, MS 80386","372.69"
"90","snyderamber@gmail.com","pbkdf2:sha256:50000$JwSTNgLi$fd9f051ff32d448472e80770e96dae0f25e211d32bd0d98f43b5d375b454448e","Brittany Carroll","8564 Fernandez Vista Suite 940
West Jenniferfurt, MI 78607","255.61"
"91","cantupatricia@yahoo.com","pbkdf2:sha256:50000$3SPwFlD3$bf0b6a10a74021ae0497797ed8203234df915406ff4712a4b5eb76f72411cd7a","Benjamin Decker","78193 Parker Forges
Littlebury, MI 82557","499.06"
"92","stuartdavis@yahoo.com","pbkdf2:sha256:50000$Se8Czs7w$c6e5d9c254597f42eeeb33ac4bd7c0d39d40e07fe5c192e920a4cec748297d8b","Steven Davis","PSC 7057, Box 7049
APO AP 36099","103.22"
"93","howardgregory@yahoo.com","pbkdf2:sha256:50000$e9els5od$1d4a5c6f8b4cb8942c4be8824306ea9617baa73ed32726ed213be2c7419ef2c4","Robert Morris","89826 Elliott Overpass Apt. 357
Reginachester, LA 57645","484.32"
"94","paullawrence@yahoo.com","pbkdf2:sha256:50000$ACD606gL$c430b2cb294c3655560488789264f050cc4a95adbacba81629f65039650eada2","John Gutierrez","45396 Davis Road Suite 031
Virginiaville, KS 57281","26.32"
"95","steinpamela@gmail.com","pbkdf2:sha256:50000$P7agC0C8$d744f75a3739ac22d1d0d4ca4b26d4e74d2af00ced63258972f9aacd6c7823c5","Kelsey Knight","133 Zuniga Summit
Robertston, SC 08684","201.50"
"96","ian93@yahoo.com","pbkdf2:sha256:50000$HpFvwjiw$04087deae31b1b4dda50c983295a9d250f5d74fd0bde3f0df92c5a514dbb674b","Rebecca Morales","402 Cox Pass
Tinachester, NV 24476","178.10"
"97","nrogers@gmail.com","pbkdf2:sha256:50000$w0Xu8JcH$714bd2f7b9c49091db21c8e6181b3a4571eb5693de3840b7b189c790d0d6971c","Kimberly Smith","04001 Green Island Suite 629
New Mariamouth, ME 75278","243.13"
"98","troylopez@yahoo.com","pbkdf2:sha256:50000$V7ea3CvN$7f40d8808d6b8b58be64f11fc2f3b005a2c96b591a29acf498994c1b58f0c499","Courtney Miller","1788 Roger Summit
South Dawn, TX 48780","54.54"
"99","audrey02@gmail.com","pbkdf2:sha256:50000$e6GbJamX$0b4c661c3b1f00d1f684982db1e220e4a7927b0190597070c7610545b8c73d73","Angela Neal","6946 James Orchard Suite 204
Port Joshua, WY 95985","401.65"
