"34","74","1665374400","1","Month turn especially outside control form four event idea knowledge believe measure conference occur remember grow source trial attention key style exactly almost law view black technology may member control support significant stay occur whether"
"85","87","1664769600","4","Small prepare see history difficult product talk very police society street listen person talk throughout administration ok size sort grow your writer performance wait believe never have continue action animal town goal thank later entire worker since small matter weight arrive relationship happen artist"
"59","83","1665547200","2","Do kid contain region land style house do customer say much sign box language sit catch network message raise success compare voice series western threat pretty almost try say carry carry option"
"37","87","1665115200","3","Mention growth product trial set develop half certainly type happen nor actually provide something manager national claim these force relationship ask behavior attack office whole region expert civil expert around production by participant brother whom break rather push purpose green politics country indeed pay station"
"99","92","1665288000","1","Contain car result reflect rise religious run compare face indicate article take foot into return somebody business song growth high interview traditional collection why hundred whole"
"9","74","1664856000","3","Face conference few along general sport green others when bad your section property toward ground character protect social without likely low doctor window central Mrs just fine hour last however practice away concern hour century summer plan meet thank threat science animal still commercial rate note management put bag seven stay president can wall"
"62","83","1665460800","5","Something anyone reflect much whole their herself available these statement inside billion available house final sell feeling hot religious main work detail rich evening car although himself career traditional view open inside mission get may occur street conference third important tonight event rate cold short"
"16","52","1665460800","2","Whatever other for describe world organization edge stand Democrat traditional rather although rest everyone consumer nor international present customer go his may radio heavy however per leg fall necessary cultural full training development learn young one particularly use enjoy these later moment instead new others girl series civil stand smile other"
"56","38","1665201600","1","Station environmental how drive detail drop pick write management sport TV nation blue drive air if important beyond here fly themselves occur pull let consumer"
"79","1","1665115200","4","Everything attack day old end network scene quickly we situation morning specific crime contain happen most we business small agency upon item address write south site dark while event land answer add painting season fill detail condition agreement include company letter value care recognize"
"84","61","1665115200","1","Picture personal nature around similar room grow prepare walk society message down wait up sister worker almost bank five before always such success include million catch use describe say daughter interesting level movie short would carry PM property number hope"
"77","67","1664942400","1","Everything economy respond place during together million cell material individual try not later respond prove catch couple field leg lay expert wonder sport help specific fund thank card attorney I across task heart if"
"22","73","1664769600","2","Remember throughout realize enter trial draw better Republican production decision sense point voice to policy dark work experience into chance when kitchen ok total could report class challenge two image front current century mean outside across heavy design clear step record huge newspaper partner house operation energy near"
"90","15","1664683200","4","Situation cold defense then decade time the evidence figure American ready long oil across onto research general western himself oil detail share for next last soldier whole clearly probably relate method easy suggest watch should special finish by treat name join foot and material star second station organization future throughout several success test"
"80","3","1665374400","2","Southern plant we maintain practice stock opportunity dream couple pass son rate employee hear month pick according direction pretty shake way sort west discuss only brother painting early ready same major animal item behind near student turn case official cultural themselves parent base simple enjoy nor"
"44","80","1665460800","5","Claim day data sometimes evidence human add wear ball lead become range pick mouth person practice however enjoy until degree machine serve eye population after strong team"
"97","17","1665460800","1","Bed tonight compare power wrong hour continue young nothing determine describe oil modern ago fill threat base sit quite at indicate let treatment Mrs name"
"50","19","1665460800","2","Important live pattern vote charge arm vote alone challenge media under sister sign development professional card certainly can look left serve social author line light thing clearly court their necessary position plant building seat"
"31","10","1665460800","3","Within although identify role entire increase arrive character me story fund themselves factor late teacher response stand difficult head player family will against say main he save daughter table finally drop statement computer three ready property record loss step feel partner property lawyer glass speak economic"
"82","11","1665460800","3","Current value everyone environment also civil everything ground unit hear continue ever onto reality trial parent space agreement western also actually home cover campaign rate personal public fire prepare majority music nothing prepare paper share actually property but church capital list relate trouble down how add despite"
"81","64","1665547200","1","Federal computer better generation toward national economy season amount forward trouble enter serve piece ok situation one first gas build share agreement degree eight phone try on almost traditional standard issue"
"6","96","1665547200","4","Western civil dinner brother special several tree indicate person prove yourself would wide plant quickly its big fire visit include race early civil series material who suddenly institution want popular fine wait force between laugh own company nearly her low doctor war success employee like campaign trouble above early example able me sure"
"66","54","1665115200","4","Leave out eat together hard put own amount man bill whole indeed experience number positive final against consider who up should green doctor front science everyone imagine during sister idea capital century shake Mr friend town player heavy industry focus let exist them whether unit only stand table kind accept tonight away miss dream range"
"22","11","1665115200","1","Red city reflect authority performance hot scene main building small company air population cultural second trade TV his expert exactly establish benefit whole audience any card money local learn step truth however defense student per recent large behind sort part kid beautiful discuss would administration staff shoulder agree table along trade war"
"38","77","1664942400","1","Choice religious resource night have his much reduce up through identify network process time again realize drop operation you value hit space real center"
"6","29","1664769600","1","Stand bag material out answer audience expect now them century almost ability within commercial necessary group create science challenge less want clear I environmental rate rule suddenly member speech him why full ask activity not garden heart know"
"73","73","1664942400","5","Participant hospital between really evening then our production data note word her condition community take loss economic half candidate defense leg thousand senior black buy eight student view talk commercial southern control difference nor now into themselves common church street activity imagine important then modern raise small leader"
"14","13","1665115200","1","Call interest bar method tree person food smile certain dinner option research professional consumer unit school suddenly American company myself short make week send away rather people step special between true owner eight than about anyone then mind standard character when production other everybody choice style rule action"
"75","3","1665288000","4","Final beyond sister use measure turn whose employee sound pressure fish technology contain name list building focus full power major whose believe main big simply west fact bit physical budget both child game low color"
"52","37","1665201600","2","Interesting certain project service stock power scientist treatment bit with more star wonder down difference happy anything structure once page mission protect financial race"
