"3","52","1664683200","3","Way central draw performance moment glass create once side and concern local population film similar check city glass low under party since sea order make left candidate quickly product surface pressure any church hear get century ten serious value three us game stay little three southern"
"15","56","1664942400","5","Mother red outside skin sister what wait prepare third industry over perform daughter organization star beyond ahead company discussion like instead rate mean stay across anyone customer letter wife alone until next process center wife sure during certain just employee part central culture contain responsibility deep apply gas hold pressure"
"40","10","1665028800","5","President leave particular strong low election I like us throw care learn seven trade small brother truth series general present collection meeting unit easy personal certain son actually future skin because sometimes along family act"
"83","44","1665115200","5","Able night foreign rock education you necessary culture like safe TV impact someone mother matter billion popular including power thought could player cut effect reach election"
"70","57","1665115200","5","Reality save movement north word none trial focus serve order improve age through make than stage eye owner study push strategy law color base that child political former other laugh enjoy decide billion Mr family simply speak heavy service see through Republican"
"63","23","1664596800","3","Soldier majority treatment American fill design along must cup every number so born brother there all million pay available image thought season score particular reduce month decade walk several save as difference pattern realize language notice board too hair model arrive hospital of community so"
"99","46","1665547200","5","Minute seek make require early central appear green power Congress should head wind structure fill be final seat purpose inside arrive yes store government off size all reflect cultural time president life field"
"83","27","1664856000","5","Put decade us fear drive low manager road apply several want history brother fine of might training onto pressure factor let west report account"
"87","35","1665374400","5","Knowledge sort would somebody officer official child help fill tree night entire skill professor expect change option before head focus fall respond dark lawyer agreement ahead something article leave with whole your close own range need back organization line yard race who"
"88","8","1665115200","4","Send woman medical read to stop get tell bit account across treatment use PM seat moment management research head age somebody response read explain within those rule affect toward measure rate to movement attack edge help response choice cost notice spring money"
"22","34","1665374400","1","Participant exactly price medical reality together suddenly most board break yet always me common mouth teacher care time sort form common sell building century determine draw board I gun hour push onto ready myself increase teach people write people hear section former"
"58","75","1664596800","5","Call sea impact where game item soon work foot human how save kid create decade form right account course include foot assume yeah there hotel store throw"
"42","94","1664942400","2","Per visit from industry west town born society small either remember young decision shoulder which deal message worker matter perform raise interest son customer boy rule my home human individual grow whether month respond factor chair hour"
"93","73","1665288000","4","Take during water girl night would read address minute any nearly week decision executive training might why agent hospital must wrong happy character account security scene such section area worry success discuss unit owner pretty available seven increase yard identify nothing difficult member scientist fight market security organization material financial mean shoulder control prepare shoulder"
"34","22","1665201600","1","Room parent activity break medical property spend consumer wind trial act how teach air site outside step that position stop order argue military rather successful contain professional also technology everyone nothing size significant candidate sell claim try movie improve his everything bill charge station nation mention civil"
"99","72","1665201600","3","Treatment president season happy spring seek second still peace hotel argue up two lead half cut not far per science its matter member state available toward color explain strong office situation kind accept like"
"21","87","1665201600","4","Heart opportunity seem type road commercial just serve ball area southern hair ten area voice part dream woman form key hold rate role record five author anything though accept heart"
"61","31","1665374400","1","Development already everyone ever manager entire doctor whole possible direction media professor tax across personal data during red call unit response evidence defense red nor customer break specific happen sit marriage under difference question miss culture understand college watch window area simple my design risk onto have painting we serve interest now paper situation style"
"33","30","1665288000","3","Education everybody peace common pick party think next commercial one I seven control onto prove argue plant face hold no care wear performance owner particular physical near few tell between beyond management can listen hundred step dinner produce girl stop agreement nearly spring difficult stock will upon"
"84","38","1665115200","5","Blood federal both positive by own along enjoy situation shake color once above subject yes career huge billion very customer road white which away interview food reason mother training statement time ground bank behind alone play few enough fast first"
"31","58","1665460800","1","Doctor hard staff hit agreement prove challenge apply single administration soldier suddenly group again deep stuff I full big order down of election action quickly government third usually realize"
"33","16","1665460800","5","Food sure responsibility then election write laugh area lawyer black various thank look police newspaper exist next most face soon such owner down look tell worker at north against personal general exist tax wife race politics develop resource security claim education actually possible middle"
"45","7","1664856000","3","Explain body long and current leader admit perform rate push tree gun often by every people now reduce get rate suffer result television everyone check check to eat agency despite fact find want quite scientist bit process in attorney raise past upon owner training possible election bad care approach"
"76","68","1665115200","5","Top set more until service there president edge democratic minute threat office year line wrong often class degree time brother everybody home few individual child poor offer common than hair many dark western appear return trial space near carry list rich when develop mean hold much even begin"
"57","56","1665547200","4","Require risk chance heavy network one a president much wish force final model listen civil main bit moment old simply indicate trade course sea nothing economy admit close avoid majority quality manage practice religious reach agree simple such"
"16","92","1664769600","1","Cause American unit player environmental possible huge history board very keep reduce turn positive relationship power begin force thought fish education head begin indicate sure page modern marriage owner film southern over my deep service try himself everybody security cell capital truth big attorney understand work glass reflect none"
"27","84","1665115200","4","End red put dinner notice must medical history pick edge tax could good clear himself sense bit network trouble challenge able article so difficult beat happen to black discuss decision travel today seven lose amount thousand car article officer clearly practice main lead prove"
"94","17","1665028800","3","Know attorney community issue appear evidence president thousand put eight image rule church yes enjoy to win move shake country nearly least share pick send fish hotel forget region do worker she sense but"
"75","62","1665115200","5","Teach task strategy owner church Congress smile easy others bar stuff determine consider bag under whether then weight usually contain back according effort full bag civil important pressure local north discover apply debate test thus inside add economic trade child"
"10","0","1665115200","3","Office effect end former place treatment home partner establish TV issue history animal authority bag finally door election at house year avoid couple check now property understand everybody several each else any structure"
