"0","tamaramorrison@hotmail.com","pbkdf2:sha256:260000$TEGQUGgXEJ3ByNez$66130d781770f9bc0a0a9eaae66329b4085a5eb1a6fcf2caed7d8f3a073ddd4a","Gary Cross","9342 Lori Bypass Suite 711
East Sandra, CO 92162","472.69"
"1","carlsonholly@yahoo.com","pbkdf2:sha256:260000$A4Yfr8DpAjpm4qX1$4df197d825bb3a243b0447e6a9ab3ed9c86a66e64e702b3e53027def0bc900cd","Tracy Robbins","230 Megan Junctions Suite 197
North Thomas, OK 67164","469.39"
"2","bairdemma@hotmail.com","pbkdf2:sha256:260000$KHPQ2erE1HyZwu3z$20c193d30a8fe1ac3e832a81372437662c3bdd00b4d49f5816bbef74a97b92d6","Anthony Carson","4217 Burton Brooks
Robinville, KS 17988","334.66"
"3","zsmith@hotmail.com","pbkdf2:sha256:260000$hvOUOvDc4dGZ9OG9$4200ff935b2ea91d72717870f17b5af1f0a2af97e71657a8c57e9478e7ac516c","Sara Evans","361 Robinson Green Apt. 635
North Lynntown, NC 59694","385.86"
"4","berryerika@hotmail.com","pbkdf2:sha256:260000$VfRuPsjkYxX09dAc$83d467bb8432909806d2651ca89e80317c77c3460ab9621c83dd82b0a79353ef","Charles Scott","634 Petersen Orchard
Lawsonbury, AK 86613","453.00"
"5","debra94@gmail.com","pbkdf2:sha256:260000$2leSxrkgCZaRZrNK$1546687226b62441510cc23b61769da7b49b079196063da751c42b249e3a94aa","John Ellis","306 Watson Field
Kellyland, AZ 64223","130.03"
"6","eric22@gmail.com","pbkdf2:sha256:260000$rO1yIxyGcz7mFvxP$f17fd13f6cef2959b0db1f5b3adae4d3e7f125adc1ccdada9b137a5294202ca3","Melissa Cantu","45602 Phillip Squares
East Robertside, WA 19150","302.54"
"7","bramirez@gmail.com","pbkdf2:sha256:260000$F1JZvaEBWaLn0EHP$cc2990ea8f2955ff0c8fac5bbf61c5f7288827bab0225d4551d9e320f66920a7","Michael Montgomery","46896 Garcia Glen
Justinborough, CO 05147","36.33"
"8","yroman@hotmail.com","pbkdf2:sha256:260000$6oAJfa8c0EaHIKUi$8e9e23cca8552eb9fbc9e3363dcdc21a80c4e4315565a6dc93985894ed9dde8e","Andrew Oliver","90603 Monica Lakes Apt. 239
Cheyennehaven, LA 46778","210.58"
"9","nhenson@yahoo.com","pbkdf2:sha256:260000$LmIAiKo47mWZf5cx$47f90aabc443eccfc7b566419a8daa5293a403ea0bafcd081bcb4b449dcb7c2d","Kristen Smith","602 Tracy Crossroad Suite 556
New Rachelside, ID 93702","151.99"
"10","jensenanthony@hotmail.com","pbkdf2:sha256:260000$sgtuZLaHn2clmiSB$3c47d74a511884e083dc3f9d042865697107edfef2e26977ea27b96b7d2707e1","Mark Burnett","38277 Padilla Common Suite 296
Port Leslie, MS 08257","106.04"
"11","jennifersimmons@hotmail.com","pbkdf2:sha256:260000$CsVE66hTdtctPelc$834cc5fdd434bd6c973a6457546caa1a361cde34a559223f519deedce88866f9","Cassandra Murphy","299 Johnny Valley Suite 007
West Kellyberg, IA 67011","182.20"
"12","stephanie28@gmail.com","pbkdf2:sha256:260000$SIulxSZyKy6i2joS$e338a75903ffbbf7ae1ecd5b6b997f8bfd69681631742017c2b797294d5f66d3","Amber Moore","188 Fischer Grove
Justinchester, VT 37258","484.33"
"13","mark06@yahoo.com","pbkdf2:sha256:260000$y2aRihGwOeXdwEdP$1d6faf812e2b496c75256f1a11432943eff3b7980d201c66754da65c75f18236","David Macias","550 James Creek
Williamstown, MO 16920","391.81"
"14","gutierrezbryan@yahoo.com","pbkdf2:sha256:260000$BX0NXRyXfvHoxjsR$fb090912dc66d92a248f0aaa3455d091096e71b60fabd85fed37ad6500aeeb65","Kelly Mckinney","251 Brown Knoll
Emilyshire, NH 54532","92.03"
"15","andrewholloway@hotmail.com","pbkdf2:sha256:260000$EWcdUX976QHsy02R$8eb04b9a67901e5280bef5d8e9c6533176f00dcdae5e2033d0ea9cc56c0bd638","John Barron","922 French Manor
Bradleymouth, IA 18566","186.65"
"16","gonzalezsusan@gmail.com","pbkdf2:sha256:260000$gl74VQIpKK1HkQ2V$9b09a1d4b8043e762e2cb5acac72cfae69c670b82e3c0dad857739ead05af193","Sarah Thomas","0486 Evelyn Grove Suite 352
North Christie, AK 56937","295.50"
"17","deleonwilliam@gmail.com","pbkdf2:sha256:260000$0XlEh3kgp9v3HPNi$9d13875205624ede94fa026fbed94f7cad8e4792213f13bc85cdf5e8a53df654","Maria Harris","693 Erickson Lodge
Andrewberg, MS 22958","453.56"
"18","simpsonstacey@hotmail.com","pbkdf2:sha256:260000$NBfLwRxSSTHDWjNR$8fde44de6214f99c45e82d4d4e3bb55ecaebe0af404b943599bb65ecbc8f66bf","Charles Shields","635 Valencia Drive Apt. 437
Justinberg, WI 16158","205.45"
"19","meyerchristine@yahoo.com","pbkdf2:sha256:260000$eBKHhFBhtWX3e17o$f9ac920ea9155f01304b89827e51778559043784680e165b0ea9f600ede548a6","Aimee Nichols","66706 Patrick Track
New Stephanietown, MI 92756","188.43"
"20","lopezsarah@hotmail.com","pbkdf2:sha256:260000$O7wwq4yG8c8OjO6t$1956c1993038aa89928b042460cac0de319dada9a5af0ef7229d747c6cf188f9","Karen Perez","50592 Myers Field
Crawfordburgh, AR 44929","454.97"
"21","janet06@gmail.com","pbkdf2:sha256:260000$UiSoKErCnOfkSAuq$582d282416051e1aafbf9372a6add6797ddc3ddef5444b0c96ec049323b630dd","Mark Mitchell","302 Parker Plains Apt. 197
East Robertstad, CO 98152","11.98"
"22","martintyler@gmail.com","pbkdf2:sha256:260000$p4jfg3exNX4kwzpo$42ba7a33d3564af07d731bf196743573bae9e566e75254ee601c960962aa8a8f","Timothy Anderson","51986 John Cove Apt. 927
New Marybury, CT 73611","428.90"
"23","hendersongavin@gmail.com","pbkdf2:sha256:260000$WPIbtRdzWq8vYWTJ$cbd433e77a179ffff1f294397b15425cd2072dbb9dce9b39d4c6eaaa83f59b41","Alejandra Singleton","0314 Madison Crossroad Suite 058
Martinezbury, LA 35700","206.55"
"24","twright@hotmail.com","pbkdf2:sha256:260000$5Z8VkOlogm6nCjGK$73efa721aefa5aee9aea6ecf49fd26047578aa8a9c2942bb95ccdbb5e161d0cf","Kim Nolan","92555 Shaw Spurs Suite 207
New Randy, ME 58221","71.60"
"25","jack27@hotmail.com","pbkdf2:sha256:260000$rbQnHhD2XL3BGbZP$311cdf74b0d1b33039167839cb3fc5d68b52aaf7c83cec1978fc7f62b6263d73","William Smith","300 Merritt Bypass Apt. 816
Martinborough, AR 44951","497.17"
"26","newtonsean@hotmail.com","pbkdf2:sha256:260000$X6meRuszYmmj6nNu$aed8779f8352717f2893a7fb6322eb0a50991564aa683664ed78141e30716764","Lisa Beltran","392 Barbara Heights
Johnnyfurt, AL 83909","441.06"
"27","destinywoods@hotmail.com","pbkdf2:sha256:260000$yBpyWmpLLD3VluE5$8cefe7636781716ec7150b0540a95770774863c2fc3ee585f30c7e54dc892c76","Rachael Diaz","78264 Lewis Burg
Lutzburgh, NV 41821","296.41"
"28","santanajimmy@gmail.com","pbkdf2:sha256:260000$upkrgJKnhQXtJDQM$b5a33d236cb78ffd8800fafe950712422ac5b1f580dc0895de368d65801eb2a6","Patrick Graves","96299 Joshua Estate Apt. 932
East Jonathan, ME 19541","376.78"
"29","yfitzgerald@hotmail.com","pbkdf2:sha256:260000$6Su560rsUUjZywos$c7e5ae67306de1159cdbb20c2659b2dffbce17b3b93a7d8114d79e0d1aa2c80b","Katherine Gomez","049 Black Ports
Clarkborough, CO 13289","274.51"
"30","luke15@gmail.com","pbkdf2:sha256:260000$csWeTr4I2DyGpWRY$2a4fe2faf67fe62e15ee6239868b5b2d8ccdb3d9ab1aa6348360e11e7574240c","Jacqueline Howell","Unit 8666 Box 0271
DPO AA 83004","338.19"
"31","tbraun@gmail.com","pbkdf2:sha256:260000$vgaVZagjg8Bjtepx$c352c5049e2361124461b9bf4ca0017848d2c5074e4af3552f1232b4accbc608","Mario Shelton","55466 Tonya Shoal Apt. 319
East Monique, NV 42401","498.01"
"32","aanderson@hotmail.com","pbkdf2:sha256:260000$Rx3rPJlEiGDqzyWi$310c30f377b64fd506bf71941e2ab66ec704f6d0d83fc91d9d88685814df9769","Timothy Hayden","61604 Kevin Pine Apt. 850
North Christopher, MA 59789","433.25"
"33","pperez@hotmail.com","pbkdf2:sha256:260000$rXs5HwjDHw7EItgv$cbd276f216e6132be3844d1b8e8d0c487b72a849e1cd71584e816d89e7749c27","Ashley Martin","60969 Justin Passage Suite 774
Joshuaburgh, IN 61092","165.82"
"34","justinbonilla@hotmail.com","pbkdf2:sha256:260000$tBPNE0OZEXXQgMdj$7d759903d7ad92d7d0dd3c921913d9d1b14226f036c7475d975963d46ae2452d","Daniel Patterson","726 Hardin Locks Suite 785
Robertshire, WI 22773","177.04"
"35","richardsandrew@hotmail.com","pbkdf2:sha256:260000$q5yWXoO7UpJlhqnJ$c33e7b177178386efc2d4f0b15bddce970b1562c5cab4e2952a6825feaa2927b","Jordan Parker","19131 Reynolds Crescent
Robbinsmouth, VA 22528","276.13"
"36","jesse06@hotmail.com","pbkdf2:sha256:260000$40bFghQIfnMcVwEa$0ce5589e8ebc4c6f19c1658028697087c04f53a92f05bd89e3fa63fd84cd5f09","Debbie Taylor","0415 Smith Springs
Jeremyburgh, MN 69154","324.14"
"37","johnny46@hotmail.com","pbkdf2:sha256:260000$7yUQ6UgoAAvJQIrU$76535379b23c8b08ee1b4a6b0b4a748c0ce7b43dc31e1b5bbea046107ba6c8b6","Timothy Kerr","4600 Peters Union
Jennifertown, NM 89462","414.49"
"38","freynolds@yahoo.com","pbkdf2:sha256:260000$pvDz0ZboUdL8aPRF$8e962fff8907b685c300a942369299cdec13fa6e485111b9bc052f567f0ba850","Julie Taylor","3412 Morris Highway
Cooperburgh, DC 92892","174.28"
"39","lewisabigail@yahoo.com","pbkdf2:sha256:260000$zfGUJIvAbkbGCV95$11b6b8a7fe34a21bc8a47ab0228ffd61a6c6243fa09bf415d34cf09acf5c4f83","Brittany Wilson","8647 Donald Extensions
Perezbury, DC 58169","222.12"
"40","richard56@yahoo.com","pbkdf2:sha256:260000$8JeTz8BzZQn4aiDg$5aa45a76357400012174e61ad62177133adb731390beb3e92bbf43c8d0495592","Daniel Cortez","6622 Lee Extension Apt. 148
New Melissa, NM 16412","246.31"
"41","rfuentes@yahoo.com","pbkdf2:sha256:260000$Fs7QNETUW5j0K5o0$395ad95da2a5ed268a3472f33cefce65dc4e3d84a96e745ae8650bb4392b264a","Karen Snyder","1245 Lawson Overpass
Smithmouth, FL 54778","413.03"
"42","amandarobinson@hotmail.com","pbkdf2:sha256:260000$adIZ3R1jVMzY7uCP$384ff5f35a4a110e3244dc8adfa20c89640bcf0e684edf2efd669b2e7bdcf304","Christopher Barber","Unit 9122 Box 9990
DPO AA 34602","109.68"
"43","gstone@yahoo.com","pbkdf2:sha256:260000$aTULob5H7Ek5F6C0$766b7904331a807061c9cb4efecc11b53007a7d69140e904ebbc5cb16b33ecde","Alexis Williams","7803 Ellis Ferry
East Austin, LA 99768","165.42"
"44","ginamartinez@yahoo.com","pbkdf2:sha256:260000$AEhWFFiq1Y23QGn4$d4d4db86297dc45dc9ff501c48e7bef9a8a77bd736fa5f88338f7aaecbac8493","Michelle Estrada","0808 Cohen Glens Apt. 841
New Theresaside, HI 19821","408.15"
"45","powelljudy@hotmail.com","pbkdf2:sha256:260000$1vSoZk0WeWyLLj6j$9fab144d47a7ae5e5dfff43802a8c62b562dd6d48098dd5b9ffa12bcb16bd42b","Francis Lynch","11892 Howard Pass
South Kimberly, PA 24998","497.43"
"46","elizabethstewart@hotmail.com","pbkdf2:sha256:260000$WHaB5qJY2CCk8Trd$f2503868a91d6f8ab72b0b4ddd2130dbf3e82c8a1ed064855a141dcc6d366325","Traci Carpenter","74632 Smith Way
East Ashleyton, MN 07618","341.28"
"47","kaitlyn18@hotmail.com","pbkdf2:sha256:260000$2n1sW1yK2iaGTUZq$6a89e050f81d10b29720db3dba6fea67e9c33be1e7f6299d147eb060661fb6f1","William Mccarty","8443 Morrison Neck
Markshire, PA 79269","396.37"
"48","ywallace@hotmail.com","pbkdf2:sha256:260000$B33zJxqbn9Lx3hP3$1a672970c6b454004dcb3122eb6f0358a28fdbbf88ceb3a277c2ae99371f3e23","Devin Oliver","07432 Garcia Trafficway Suite 804
East Brianview, NC 87085","396.74"
"49","ricksmith@yahoo.com","pbkdf2:sha256:260000$2LMzTy1wf2E7dUXF$e0da4605222422c6990c4a6e8d231eb58625884e9520e54e50f0aa09f7df6606","Valerie Rivera","90555 Valerie Springs
Michaelchester, MN 75887","129.19"
"50","richardharding@yahoo.com","pbkdf2:sha256:260000$TfSEfjy7CfWod5Ro$c97b8a2c54d30075d40c2d083497328855c8989cbd3b84ef0338273533ddaecd","Mr. Kevin Riddle","0422 Martinez Road Suite 296
Lake David, NH 41606","245.44"
"51","martinezsarah@hotmail.com","pbkdf2:sha256:260000$jEfjE8V6Xep2NCof$8c7edc5c27011e4b2c52bf9280b3648134d7a598fe991472663ac0696b8c519d","Kathleen David","9516 Cook Ranch
Melissaside, AR 04391","174.93"
"52","alexanderboyd@yahoo.com","pbkdf2:sha256:260000$0Jm2KDyycO8abOZ9$cd465236927039e673edbee0d7b2470a7cc699454d36ec638064fb01d12213af","Stephanie Calhoun","554 Victor Forest
New Rebeccaville, NE 84490","51.04"
"53","mcculloughpatrick@yahoo.com","pbkdf2:sha256:260000$9aP9W8NOO9FXcYZb$ef2f378d95ec93dc782be551a5c885751c0fc8bacecdef72a323a9c9fb71698e","David Mckee","0051 Natalie Pine
Port Ashleyside, IL 78104","297.52"
"54","jason73@yahoo.com","pbkdf2:sha256:260000$SJYhdWqc71a13hBS$0ed056fb3b75c8282d56cecf2a645ca20897de0aa2f24037cbd9d3b61eabff98","Jorge Nelson","USCGC Roy
FPO AP 62955","225.86"
"55","susan41@hotmail.com","pbkdf2:sha256:260000$y44Xz4z2UjKLuHI0$8da0f7114b15e9b1eb910802fc8757403d9f95d0ec4d3154a89ee6b723a1d3df","William Edwards","70754 Strong Camp
Port Ethan, VT 92827","473.98"
"56","patrick03@hotmail.com","pbkdf2:sha256:260000$1ICTPjqS7vaFMaH2$b5ac7fee961e9719832fc37dd35d6faf6a0669df78f7dc230a758b2b734ec546","Ms. Kimberly Edwards","0066 Heather Springs Apt. 563
Kaylahaven, OK 20841","370.11"
"57","jmcmahon@gmail.com","pbkdf2:sha256:260000$t7O5hQT2gFLGnTdU$946b7326c4f3a5f7b3a71015ea1409541d35ed9c773afb830b2535a586fc66c3","Jimmy Walker","521 Gibson Fields Suite 602
Tiffanyside, TN 57606","475.99"
"58","brownshane@yahoo.com","pbkdf2:sha256:260000$jYco9XzazfLqlu3n$47ac6461c41be190efc571d4a58b9ae5e268c1b088634d6c4a927b8a4337f3c7","Tracy Davis","900 Stephanie Locks
Kristenfort, CT 73331","76.10"
"59","gregorymontgomery@hotmail.com","pbkdf2:sha256:260000$nJaSeNTeJUCBUdtE$4013ea0eca94dc13f4c4344edd975a64c72caf50862bb2bce19f98fccec62213","Stephanie Garza","53799 Sydney Parkways Apt. 735
Matthewtown, NE 99089","453.82"
"60","nathan44@hotmail.com","pbkdf2:sha256:260000$R1ykq5LljKaiy7yx$166e85a333d6bc96c9fcd818fd9735599233aecae8c724494355e3b356817efd","Timothy Padilla","2616 Donna Mountains
Alexandertown, NH 64221","362.00"
"61","qdyer@yahoo.com","pbkdf2:sha256:260000$IQrgzaXpJAXA7Pid$ec8d65c5241c2a90c9def63aa26d8ad2ae98d71da61bb0b962c150d329be650d","Tammy Sexton","5640 Sara Lakes Apt. 150
Valenciachester, OR 56221","127.83"
"62","debra49@yahoo.com","pbkdf2:sha256:260000$59zltQBhz8fGGZLI$51526f24895cfa2ca76166ff35bab127fbc330f09ecfe1a143af25b1e872f729","Cody Morris","57680 Weaver Route Apt. 509
Duffychester, TX 94575","30.39"
"63","amanda91@hotmail.com","pbkdf2:sha256:260000$LzjTFzXpNPXHapfn$b6a87500ecb1d851f05320c90bc01381ee08d2730ad5d20eec5c6bd97d3341e7","Lindsey Davenport","Unit 5182 Box 9799
DPO AA 69551","179.34"
"64","mhiggins@hotmail.com","pbkdf2:sha256:260000$rNzjBjzcBRWXwgMU$073eea3770ea9d1f59306f03fad6174b1823679c726d4f6743e1d903e39f61fd","Ronald Ferrell","0587 Donna Skyway Suite 195
Port Brendaburgh, ME 87382","447.23"
"65","mary99@gmail.com","pbkdf2:sha256:260000$rC6oNv0zU9PznNkF$ed53db98d059a3cb4641cdd5a0b40c47d53bba2d717914e30841fb661fab3125","Caitlyn Fisher","725 John Summit
Wellston, HI 80342","405.02"
"66","heatherroman@hotmail.com","pbkdf2:sha256:260000$MDPMHj0M4z7hEykY$2fa72a983f56f84fdc9c910409ef264051d5d42a7accdc680fd4efe09e48d60c","Travis Richardson","643 Shelly Spur Apt. 344
Port Danielberg, NM 34987","361.17"
"67","jeffreysmith@gmail.com","pbkdf2:sha256:260000$hjxBUpVcBy3VUD7n$026fd91615c60d86ebf4a98a06d24d847fb96a4813c0a733f34fb9a35971ad16","Samantha Parrish","9440 Nelson Course Apt. 907
East Christopherview, VA 10193","472.08"
"68","joshuawatson@hotmail.com","pbkdf2:sha256:260000$z1lfQsMpOnBgHEhK$874a2ae626c95c0a654ee61586f5fdde3a0bbe40c76b252df6d69c323252e1d8","Jonathan Ayala","87513 Collins Radial Apt. 001
New Roberto, NY 12950","46.61"
"69","christopherwilson@hotmail.com","pbkdf2:sha256:260000$9TH7aoOF56fRXngs$f33e7e4ca5c50d794770d1d9da7a21752aaf2a27aad44c1d2fbc62951c6a218a","George Butler","8103 Michael Way
West Linda, ME 25927","442.81"
"70","patricia10@yahoo.com","pbkdf2:sha256:260000$0WS0x3sYSz6dAjuS$5b6e8a78fd6f90fa20c7c06718d8e7d52028dde469d99e9cb1abad5fc36b7927","William Bailey","Unit 4616 Box 6533
DPO AE 79485","227.49"
"71","michael74@yahoo.com","pbkdf2:sha256:260000$ICRdN0gYcKCUwY1o$f4d2f30eee282bcc7b9c35673e0f899d4f80861182c776123f55b20347e173a5","Kimberly Park","6179 Chapman Turnpike
Davisville, AK 20599","272.72"
"72","upayne@hotmail.com","pbkdf2:sha256:260000$dxz5dNb1gqLdIgix$e399c056037d1fcdf2730d98766ddc81bb1b0e844e39691819f12dc6224c195e","Sonya Lucas","9623 Darlene Vista
Boyerhaven, WV 23452","487.18"
"73","kathrynespinoza@gmail.com","pbkdf2:sha256:260000$jxPbGMCB0XekH3PR$c9a429adb470c6677d1acd1a29418d4fa73cc6d8cfa6e124bb03f09e21cbed6a","Heather Jackson","9018 Lara Green
Ronaldfurt, AL 96547","145.70"
"74","nicole92@hotmail.com","pbkdf2:sha256:260000$eWxcVlErbLv25P5m$c0ca4cfdbe4df2871e586799874a60a8594f5e6ac5e6c22605a5007facc97bf3","Erin Williams","21827 Alejandro Bypass Suite 314
Shannonbury, TX 79795","284.55"
"75","alexandramitchell@gmail.com","pbkdf2:sha256:260000$I2vZfGh0s62Q3wJ6$4082f5419cff49644dce9107ff6c44438a3dc1827179225813b982954fe3d599","Matthew Forbes DDS","65659 Kirby Island Apt. 019
Rodriguezmouth, IN 45087","171.90"
"76","gregg31@yahoo.com","pbkdf2:sha256:260000$QzSpgrA2LqTFPJP9$0fd114b53d4a4be1404ea9b9bd743a81ffb9f9f1945152762a62a69b89ad8502","Eric Norton","1183 Stephen Prairie Suite 402
Lake Stephaniemouth, TN 99530","289.39"
"77","evanslisa@gmail.com","pbkdf2:sha256:260000$ZJIBuE4zfwkKgyxA$cbe49632e520711376991a12bfce83e3ae1848a7779452dc4fa505c4644a1953","Kevin Massey","7804 Hudson Hills
Amberfurt, LA 10945","229.89"
"78","shawnharris@gmail.com","pbkdf2:sha256:260000$pTkhTttCaACKa9jV$01b84d46a9e9d39ba285371dd11b0d4410e443a096df7e273d6e3b2287eefba4","Michele Hall","726 Gerald View Apt. 592
Huangstad, RI 55872","339.53"
"79","danieltucker@hotmail.com","pbkdf2:sha256:260000$05LMT005FKxRjMHP$2e78018a47cd5a0d93bcc6cf91b7cf19f1dec2c360e08896ddc75a8a2a99fbd7","Jessica Miller","67926 Ann Alley Apt. 895
Port Davidhaven, IN 92657","360.21"
"80","morgantaylor@hotmail.com","pbkdf2:sha256:260000$gpP9T7C2I2rxsFrW$02a7dace6c8352b7d4a5a5cdd55a5a90be47b0cf62d003f29ec7f9e5cc6a43e6","Samantha Olson","USCGC Murphy
FPO AE 11473","101.75"
"81","debra23@yahoo.com","pbkdf2:sha256:260000$xsFvvxTgHN1xXgrE$e4aba74f6b29831cf7ad4f792a1e5bf2d7305bd08121ceb2fbc00a1bd8be4441","John Bell","2907 Madden Prairie
Lake Desireefurt, MD 53140","174.48"
"82","petersonshelly@gmail.com","pbkdf2:sha256:260000$2fPIiV9pOmlaRPbZ$09525258b879dd62593d2f6f622360406b06d7acb1834f2433ad56c1b4ba6dbe","Joshua Salas","3400 Ryan Springs
Michelletown, WI 80213","0.73"
"83","valerie19@hotmail.com","pbkdf2:sha256:260000$ydMnBpCv5GMk3cgH$10f8cee162fa5dcb5ac2d8dce9299da92fd5cfc2f572a811befc45f9f851f17c","Richard Morales","769 Deleon Flats Apt. 564
Alisonmouth, DC 43604","76.15"
"84","paul12@yahoo.com","pbkdf2:sha256:260000$fCW6h8uID2Ppigci$4fe1baf1c6ae87e32b529dedfb9b1a6c7674b2cd7e302766ff297de280da9c24","Joseph Johnson","215 Kristen Ports
New Deborah, IN 29790","285.52"
"85","barbaranewton@yahoo.com","pbkdf2:sha256:260000$ZbHYGr9VAyRn6ke1$55b05fb7e62dc910387c862ec9ed994b9168c39d04b14529fa61b9a657d6fcf0","Crystal Palmer","71463 Stacey Pike Suite 340
Port Rhondatown, AR 79141","498.30"
"86","rbuchanan@yahoo.com","pbkdf2:sha256:260000$4LD8pr5Au7t044qw$b2ef2ef08ed6116e01b99261b53c8f9ff87850ac17503a1bbe567df21660bcbc","James Gray","813 Charles Extension
South Kristinstad, NH 23833","296.52"
"87","christopher24@gmail.com","pbkdf2:sha256:260000$C4PvtDMHC6tg9oQj$7941b380414255b8877a1450e562a0651deea4c14fd18dbd7dd28320ec00d59c","Eric Myers","089 Tamara Stravenue Suite 340
Aaronmouth, MA 13454","329.24"
"88","mercadobrandon@gmail.com","pbkdf2:sha256:260000$iPZzszHb5qecedco$6a68c265b956df99ec8bfd9fa2f075f1711d3076ed002d2bd0a7c42c794c4c5e","Cassie Hogan","8393 Davis Spring
North Coreymouth, MS 82835","352.51"
"89","bnelson@yahoo.com","pbkdf2:sha256:260000$X9OayueDnkO036tE$f609de5e3655beb000173a995ead4ffda4f865f9707eaa3e7d8236eafd0a149a","Karen Lee","3137 Mark Villages
Boonefurt, MS 80386","372.69"
"90","snyderamber@gmail.com","pbkdf2:sha256:260000$94Y6Zl5qkofm0noS$31657f76c77359b5e15ce149241aeee0bbaaa4b76c67ebe5dade5acbe1c52149","Brittany Carroll","8564 Fernandez Vista Suite 940
West Jenniferfurt, MI 78607","255.61"
"91","cantupatricia@yahoo.com","pbkdf2:sha256:260000$Cv3lO4yBlbpQGjET$06e8e194f1b753bab991dec4027ba5f4df670dc4c18c884c9344ee955c990ff5","Benjamin Decker","78193 Parker Forges
Littlebury, MI 82557","499.06"
"92","stuartdavis@yahoo.com","pbkdf2:sha256:260000$fTVqte3zUEQMfF2X$eccf45b7a688e976249874ae37c6838230dd4519470ea8ee28cd06b5c26e3837","Steven Davis","PSC 7057, Box 7049
APO AP 36099","103.22"
"93","howardgregory@yahoo.com","pbkdf2:sha256:260000$bw5BjtsLYodBbNZR$1a16a9deca378e96f0c974da98103aac05c4382e96e0f517680c2ce17e2db9ed","Robert Morris","89826 Elliott Overpass Apt. 357
Reginachester, LA 57645","484.32"
"94","paullawrence@yahoo.com","pbkdf2:sha256:260000$1XOViMv52NjKChoX$b8e4018aaca89ea1b33c746f838622de3e71dd4dd1bc5309d42d9f6574be5ffd","John Gutierrez","45396 Davis Road Suite 031
Virginiaville, KS 57281","26.32"
"95","steinpamela@gmail.com","pbkdf2:sha256:260000$ddmq8FDlszY3rGfe$364cd155cd75f1ea2fb52c636cf8a815e848296df8ad883c98f75be7501ce583","Kelsey Knight","133 Zuniga Summit
Robertston, SC 08684","201.50"
"96","ian93@yahoo.com","pbkdf2:sha256:260000$Ay73YGTLZcHvaJBw$5c237c3cf3f5d16239b5c597b3d2dc4fcb460ed9d48ab0c59e2ecfe3ed374f07","Rebecca Morales","402 Cox Pass
Tinachester, NV 24476","178.10"
"97","nrogers@gmail.com","pbkdf2:sha256:260000$Xm3fpahNKONFMEOZ$8edd35d6d60f5ff7e07335a6717b927b8f8ff6b44c8dc392aaede2c61a25a65d","Kimberly Smith","04001 Green Island Suite 629
New Mariamouth, ME 75278","243.13"
"98","troylopez@yahoo.com","pbkdf2:sha256:260000$wZeqyGfxkJUG9o5B$219c825b72a226e225c11fa6b4b3b2109fe38c311437fd69abb221c7d4fd486d","Courtney Miller","1788 Roger Summit
South Dawn, TX 48780","54.54"
"99","audrey02@gmail.com","pbkdf2:sha256:260000$BDDf2R1Z85e4Sawk$8a4de54d0f6dcf9eb1fac1621d402ac8f1a664c16da009ec65ed22b52514c859","Angela Neal","6946 James Orchard Suite 204
Port Joshua, WY 95985","401.65"
