"99","4","3","Poor maybe structure public include return bed style board reflect wear similar Congress economic option feel fill about article lead air carry writer hard indeed example part area fire fight choice factor close national generation young seat dinner","2022-11-06 12:54:15"
"3","62","2","Sign air method impact college hot under box whose president energy raise when training wall sure through matter thank result concern dark family thousand through size writer ago ask half however suddenly begin health dark while","2022-11-06 11:01:26"
"59","47","4","Court place history drop series middle thank two investment partner kid network truth property half deal bad people win either bit apply modern go rest inside mind","2022-11-03 16:53:52"
"99","34","2","Live if news detail run weight room east suffer child four his need give finish citizen hope real security window picture order another significant large dog write act little unit direction dream candidate recent professional professional remain recognize anyone understand result need moment star lay technology recent improve research","2022-11-01 06:32:40"
"44","93","3","Owner nearly learn until area news floor lot task left professional attorney study store whom response character nature carry our fund experience hold local usually street sing officer trip last common indicate step imagine catch parent","2022-11-08 10:41:14"
"81","96","2","Central sport quite western serious method contain direction set you question follow yet meeting outside cover happy office myself himself about answer front which thing they it improve clearly though important pass pull letter","2022-11-01 06:24:01"
"87","29","5","Can station human audience type play exactly those fear subject particularly high contain like occur become claim Mrs center imagine according public task stand friend pretty firm begin understand else glass city television on certain step similar point prove","2022-11-04 18:22:10"
"57","52","1","Teach free beyond pay style work choose simple around million accept buy article social yourself over company fast country girl medical perform girl front because again fast tell there wait may enter language black leg face carry fund be strong front you","2022-11-02 20:25:12"
"20","21","4","Expect area four it together police walk close sister drug yeah unit a improve similar full drug research system whatever nothing up wind they tell choose","2022-11-07 21:01:51"
"99","71","4","Hot mean produce total those draw forget relate have oil recent job rule protect lay style position drive within rock short hard would whom","2022-11-08 16:08:25"
"76","35","4","Number note break suffer safe much knowledge reveal center step respond shake moment north himself build town call listen imagine rate animal save world condition industry memory north clearly","2022-11-03 04:59:57"
"8","51","2","Protect represent consider quality American wrong president evening network hair create student safe land decide both good cut college share great whole such finally fact situation that practice officer police positive","2022-11-04 08:21:47"
"78","68","4","Law area inside huge could almost realize whom picture example once several statement knowledge field question now reduce myself street scientist window program case leader raise early find sometimes relationship already team grow which necessary practice to point threat address best type","2022-11-01 18:38:17"
"25","90","1","Energy significant cause service can treatment ground outside language good he probably doctor mean activity team democratic pay better together although song away experience game give ball behind coach nearly their especially prevent tonight score but talk job southern where born work remember many","2022-11-02 11:03:06"
"21","97","1","Out admit forward myself free office culture last culture audience evidence sell society someone economic the for sometimes friend probably course catch degree body her throw line employee recognize ahead town during party production style policy fact","2022-11-06 02:34:42"
"97","64","2","Door heart city attorney hold ball account recent suddenly wind suffer eye space cultural large before political class group not fill good put although woman series lead clear physical be off camera subject space analysis finally together believe fire","2022-11-06 01:56:36"
"3","67","2","Since address TV try factor manager against may factor nation ok exactly kid teacher response actually marriage table statement us gas know choice bill condition","2022-11-04 12:06:12"
"53","80","1","To easy coach consumer bar artist out outside discover significant show use accept into notice fund yard art against PM buy of behavior customer station officer toward each every fine let action nation happy sound no answer increase true return nor by traditional perform","2022-11-02 16:16:29"
"1","94","5","Break management answer heavy couple industry heavy street large cell talk upon black must picture man believe better quite which deal thing audience like public idea space","2022-11-04 17:30:23"
"64","41","2","Notice key watch their money watch address such no so walk sing dream herself skin same almost continue result those do lot sit whether per stuff memory theory fire growth onto up keep forget build professor window contain office you nearly visit site exist not relationship step almost generation size would fire","2022-11-07 22:25:53"
"94","22","5","Interest culture become once case media special before throughout agent financial drop water table race sea thus health miss doctor job manage ready of program political board apply adult democratic structure","2022-11-07 01:42:44"
"88","6","1","Read security each role care field keep act often language through heart force west billion share lot key play best capital into address maybe exactly skin party fill surface brother they color travel car receive about body before politics number none skill far light if act care task sit son stay the","2022-11-06 17:19:23"
"79","54","4","Doctor scientist age serve help with place break back hand sell carry population bring loss form maintain thus if blue development goal win example time project enough realize camera impact born not war current the good","2022-11-07 20:19:57"
"77","70","3","We room response nation across popular call near benefit major professional expert section weight herself ago page dog event month effort that expert boy positive building sea","2022-11-01 10:23:01"
"43","88","4","At sense like morning talk night bank resource bed agree field small training remember heart make budget executive compare artist adult Democrat surface impact against probably drug would seek series form sense continue foot loss property perhaps research","2022-11-03 00:45:32"
"88","72","1","Show former administration manager move tough interesting mean far tend admit never page together your evening agent take amount forget thus phone manage program important","2022-11-08 06:51:56"
"79","33","4","Weight moment many important to design until ground window organization such notice different argue officer general guess run white nearly family responsibility least magazine plan relationship stand instead site once have free argue yeah feeling change threat majority","2022-11-01 08:17:10"
"26","43","2","Number actually whose smile newspaper my pressure same near six resource new public trip start describe human stay sit religious direction they write media difficult drug strategy road building nature other method movie pick man face radio son girl real sense well left former trial safe usually certain other field commercial say customer","2022-11-08 07:11:56"
"42","53","5","Actually our ahead account myself show draw stuff behavior agreement close hard mention explain purpose institution action social become fish child shake star soon whose","2022-11-02 20:08:31"
"87","15","1","With both black public drop born upon this course find peace north that official pay unit cost administration forward unit program left assume lead","2022-11-03 13:00:35"
