"0","Gary Cross","tamaramorrison@hotmail.com","472.69","9342 Lori Bypass Suite 711
East Sandra, CO 92162","pbkdf2:sha256:260000$0SIGNZU2G4dMaRnR$f95dabbb8d08ee1931f0819ab1dece9ada30347e6dcbaef473e1e69c60c3ab0a"
"1","Tracy Robbins","carlsonholly@yahoo.com","469.39","230 Megan Junctions Suite 197
North Thomas, OK 67164","pbkdf2:sha256:260000$qDUuvAsGSHxS4tJt$f24cf961f368dc139f0095c6caf3505a952a1b9fac01498e94f45a07dafbbfa5"
"2","Anthony Carson","bairdemma@hotmail.com","334.66","4217 Burton Brooks
Robinville, KS 17988","pbkdf2:sha256:260000$njhVSPc65ov40tu1$0a43b22bf1ac38cdcc174f99bd54b8a1585a5d9a72bd3ebc47d3ddca7c9e9085"
"3","Sara Evans","zsmith@hotmail.com","385.86","361 Robinson Green Apt. 635
North Lynntown, NC 59694","pbkdf2:sha256:260000$gLz8OLJ2R867uLML$50158a0c2d03cb8d4d734aeafa6e41e5f6aa435c2cb061c037b86e9147b17c81"
"4","Charles Scott","berryerika@hotmail.com","453.00","634 Petersen Orchard
Lawsonbury, AK 86613","pbkdf2:sha256:260000$q16ntuGMfrY7m3xK$dc4fb07f9ec4507913c6a639628064eadf496d90e6a904f3c543a5302ab65ee4"
"5","John Ellis","debra94@gmail.com","130.03","306 Watson Field
Kellyland, AZ 64223","pbkdf2:sha256:260000$DxnD330Ga96aXC19$38ec15294ef6d3ae0700f06969ef26323a8a29bb8754a60feb8d88975b477e5f"
"6","Melissa Cantu","eric22@gmail.com","302.54","45602 Phillip Squares
East Robertside, WA 19150","pbkdf2:sha256:260000$In0ORzBQmUjBL7O9$e81df9f9af03ad592445a6f53d1d405cf574c381a90de0dffc68ebbaf54080fe"
"7","Michael Montgomery","bramirez@gmail.com","36.33","46896 Garcia Glen
Justinborough, CO 05147","pbkdf2:sha256:260000$Vowp0ed5BqRAgyZ8$b691d4d9e9a3b6e06c5fa6a31f721ee3fd4171b60138382a8df316df1893319f"
"8","Andrew Oliver","yroman@hotmail.com","210.58","90603 Monica Lakes Apt. 239
Cheyennehaven, LA 46778","pbkdf2:sha256:260000$guhE1j2HvxZHzYlH$4220bae681a9dfce704d1e2c6fb6eeca3562e8de147251c6cde4f140f695c15e"
"9","Kristen Smith","nhenson@yahoo.com","151.99","602 Tracy Crossroad Suite 556
New Rachelside, ID 93702","pbkdf2:sha256:260000$PxljjJnVBVphWPKp$d627daf5231635b5d62b57a909911d7a9752ae8ad33cea02fde36bc69bf2c7c6"
"10","Mark Burnett","jensenanthony@hotmail.com","106.04","38277 Padilla Common Suite 296
Port Leslie, MS 08257","pbkdf2:sha256:260000$xIp2G7M3RUYC2S15$b761674d76226a0f499fb17cfc7a3beaba054fac5a13d558afd1d58faecfb793"
"11","Cassandra Murphy","jennifersimmons@hotmail.com","182.20","299 Johnny Valley Suite 007
West Kellyberg, IA 67011","pbkdf2:sha256:260000$smjicNTIlLkxc7VZ$39af89c9951ff71a0a847558d3b4653a0ff1dba4a1d7ea85c872947fdd6b14a2"
"12","Amber Moore","stephanie28@gmail.com","484.33","188 Fischer Grove
Justinchester, VT 37258","pbkdf2:sha256:260000$3xdGI2pk3ZBrJ6JW$88d1aad3162ea6281cc5ba21c12288edf73d4e84431eaacf60138ab117a19f29"
"13","David Macias","mark06@yahoo.com","391.81","550 James Creek
Williamstown, MO 16920","pbkdf2:sha256:260000$9VMdKcxxexzA6zGX$7c59664cf4d6979b67504ea72635acf76cd7b0ad5c48b4cbbed588f64c03bd0b"
"14","Kelly Mckinney","gutierrezbryan@yahoo.com","92.03","251 Brown Knoll
Emilyshire, NH 54532","pbkdf2:sha256:260000$KBMvYQSFP4UITGln$828e114435bf881f370ebeeb89bffe3e737b7cdd51b811f6e3f3c895e622b8f3"
"15","John Barron","andrewholloway@hotmail.com","186.65","922 French Manor
Bradleymouth, IA 18566","pbkdf2:sha256:260000$NX2o2SYxDawuKGBQ$f331bc9e42b9fed21b2f9efcada89b46a48ba4f01b78e718b51667d12bedd6d3"
"16","Sarah Thomas","gonzalezsusan@gmail.com","295.50","0486 Evelyn Grove Suite 352
North Christie, AK 56937","pbkdf2:sha256:260000$ZbC04jeQ6zTfOXrN$91bb9b5c4c18cd73817a468ebebd864c49253e01dd915f051ef5726cdde1f235"
"17","Maria Harris","deleonwilliam@gmail.com","453.56","693 Erickson Lodge
Andrewberg, MS 22958","pbkdf2:sha256:260000$OyNrQB543VH4EQ4p$9b2bc5abf4c8618b67d555cd18dd18230b941fad436a377bced494ad5450d77e"
"18","Charles Shields","simpsonstacey@hotmail.com","205.45","635 Valencia Drive Apt. 437
Justinberg, WI 16158","pbkdf2:sha256:260000$SNl3GCXizSTHxmUX$dde274e55956ee163cca0722208b1c071897e5cb6379eaac6ccf31b2a6b8a1d0"
"19","Aimee Nichols","meyerchristine@yahoo.com","188.43","66706 Patrick Track
New Stephanietown, MI 92756","pbkdf2:sha256:260000$70rPsYQEnBN3Fq8z$27e0cabd1ecc7c715c083d8f5e30bd32e9c9239f8a8792115b8cdb64fa6caa95"
"20","Karen Perez","lopezsarah@hotmail.com","454.97","50592 Myers Field
Crawfordburgh, AR 44929","pbkdf2:sha256:260000$cVzPNiKSq871Envb$6dbb569a10e4781c62b454b0ea9f569f8e17a1baabe58bfabd80442a077bbc70"
"21","Mark Mitchell","janet06@gmail.com","11.98","302 Parker Plains Apt. 197
East Robertstad, CO 98152","pbkdf2:sha256:260000$TzSiWkRTpFO3QrqV$092a566a06ab3133dc204d09b0801395064e63ea2c58ac3780eded987a224850"
"22","Timothy Anderson","martintyler@gmail.com","428.90","51986 John Cove Apt. 927
New Marybury, CT 73611","pbkdf2:sha256:260000$423L9slLx9bazLUy$e7abd918e8c84fad482824645c4f1b089c2d34aecd054ab613144e2ebb9903a5"
"23","Alejandra Singleton","hendersongavin@gmail.com","206.55","0314 Madison Crossroad Suite 058
Martinezbury, LA 35700","pbkdf2:sha256:260000$pWVrGo8zf5q9kC5A$558ce496790e9953f857e06b87c091f25a056c63a814c505e05b2bc85bda75b7"
"24","Kim Nolan","twright@hotmail.com","71.60","92555 Shaw Spurs Suite 207
New Randy, ME 58221","pbkdf2:sha256:260000$1b7rpwENjUQb0I5R$314ad85690a35e23f22314e15671840e22ee1d9c1c9e0cecee97880ee1c25389"
"25","William Smith","jack27@hotmail.com","497.17","300 Merritt Bypass Apt. 816
Martinborough, AR 44951","pbkdf2:sha256:260000$exM5EceGD1hC0dQG$e6824639f6335a40722804521e15de3e72a335369ce9a5af08fb4523825c010b"
"26","Lisa Beltran","newtonsean@hotmail.com","441.06","392 Barbara Heights
Johnnyfurt, AL 83909","pbkdf2:sha256:260000$vh2NIRKZM44FIOTC$9c7d8144d1dfc0149f0a12ddb7619992959c55bc2e2c96d60dd82ab31a3d1fca"
"27","Rachael Diaz","destinywoods@hotmail.com","296.41","78264 Lewis Burg
Lutzburgh, NV 41821","pbkdf2:sha256:260000$Cavb9A7j1BTPl003$72dee07deb3caf2a44e2fce2b1157bad6e7a99c3dcd72e0c81eb60e5bf377365"
"28","Patrick Graves","santanajimmy@gmail.com","376.78","96299 Joshua Estate Apt. 932
East Jonathan, ME 19541","pbkdf2:sha256:260000$THFT2V9rwCKnDHjf$6f0538e403af2e49a0850dfd038405ca54d30f82346e17b620ea097f3b24f714"
"29","Katherine Gomez","yfitzgerald@hotmail.com","274.51","049 Black Ports
Clarkborough, CO 13289","pbkdf2:sha256:260000$PsdU5OHof5BSL7TU$9aa5c6c9ea3d1aa2febbb2a0156aeed5c009a9cfa67b330337ac9277e432bcc1"
"30","Jacqueline Howell","luke15@gmail.com","338.19","Unit 8666 Box 0271
DPO AA 83004","pbkdf2:sha256:260000$UjRj1wvjPHC8Yyrm$54702398282e997f0352b8f544a8e83c2bfc925e9ee333c2cd040b57f27ae7af"
"31","Mario Shelton","tbraun@gmail.com","498.01","55466 Tonya Shoal Apt. 319
East Monique, NV 42401","pbkdf2:sha256:260000$iGa2JivnygvTw2CL$c286ba703fe207088f4570f68ca26a130c72bab98dd1f5ebc75b349eba5f0efe"
"32","Timothy Hayden","aanderson@hotmail.com","433.25","61604 Kevin Pine Apt. 850
North Christopher, MA 59789","pbkdf2:sha256:260000$7k6yQQiC5zUFPSaJ$ed5fb86254ea7b12219dd2d24ef49b16efb9e6250d379caecf590592a5247aa4"
"33","Ashley Martin","pperez@hotmail.com","165.82","60969 Justin Passage Suite 774
Joshuaburgh, IN 61092","pbkdf2:sha256:260000$U7txlPzsaMIQXSU4$46748b827173bc9a34882a1bc6accd7a748082429441921f1c068660cf251a89"
"34","Daniel Patterson","justinbonilla@hotmail.com","177.04","726 Hardin Locks Suite 785
Robertshire, WI 22773","pbkdf2:sha256:260000$qXCeMzrWbFcz1o2X$3e78b48e107dde6b2c64605b492beb5127caceeae3358674982f467eadb757d3"
"35","Jordan Parker","richardsandrew@hotmail.com","276.13","19131 Reynolds Crescent
Robbinsmouth, VA 22528","pbkdf2:sha256:260000$7eFRzUWOfripycFc$afa069528ae8f048d5e8e37f398610dc0aa3d6d752a836ad8ad97eb3455cf15f"
"36","Debbie Taylor","jesse06@hotmail.com","324.14","0415 Smith Springs
Jeremyburgh, MN 69154","pbkdf2:sha256:260000$KgJoIUNikm1m0EAN$9c2cd3b92ad8b7b67805872a0b50d19e0c59defc6a5165e3758b969b800ae4cf"
"37","Timothy Kerr","johnny46@hotmail.com","414.49","4600 Peters Union
Jennifertown, NM 89462","pbkdf2:sha256:260000$snOGwYHkUVPuMCB8$47fe2b2391a8f3ebb5545b33a870f606f9877b1cea90a2ba5dd1faaad8d75027"
"38","Julie Taylor","freynolds@yahoo.com","174.28","3412 Morris Highway
Cooperburgh, DC 92892","pbkdf2:sha256:260000$3TSLQQkDGSNGoMKC$3b7d5813204cafd308ca1bb05114d344e82a064772789c1e69240d2315186c6a"
"39","Brittany Wilson","lewisabigail@yahoo.com","222.12","8647 Donald Extensions
Perezbury, DC 58169","pbkdf2:sha256:260000$EiIUVU2LXykJpwQ4$4978b43e43b5ffb300b378dea44ab0d053d9429c76359d47b4dcff3a24f55d81"
"40","Daniel Cortez","richard56@yahoo.com","246.31","6622 Lee Extension Apt. 148
New Melissa, NM 16412","pbkdf2:sha256:260000$tQXIHpnNEiC3KRDZ$d1f647a97555b551d9b99a76b89d45c1b12a5400bc771c45c7178ce21d0f6671"
"41","Karen Snyder","rfuentes@yahoo.com","413.03","1245 Lawson Overpass
Smithmouth, FL 54778","pbkdf2:sha256:260000$TFu87Fh7k7thaAfk$a0ce2a9c08fb6a1741c677784464332aec2054693b8cd83f7a9a40865a0952cc"
"42","Christopher Barber","amandarobinson@hotmail.com","109.68","Unit 9122 Box 9990
DPO AA 34602","pbkdf2:sha256:260000$eIWmQUTpdin2AhjO$3bc0d09c5acfe5a81264f37aa8248c9d807c8096535cdc13e4531fd522bca332"
"43","Alexis Williams","gstone@yahoo.com","165.42","7803 Ellis Ferry
East Austin, LA 99768","pbkdf2:sha256:260000$DqVx1zXZSE1XCJO8$b79889a78f3c87ffa81a2c183a0e51897be8e0967919c17246a458196cecb96b"
"44","Michelle Estrada","ginamartinez@yahoo.com","408.15","0808 Cohen Glens Apt. 841
New Theresaside, HI 19821","pbkdf2:sha256:260000$D0qOHd0MqEqXnBPT$4cda0986fdd819fb8526bb8a4f3a08569fb321a522617efa8c63810ee6191681"
"45","Francis Lynch","powelljudy@hotmail.com","497.43","11892 Howard Pass
South Kimberly, PA 24998","pbkdf2:sha256:260000$pYgMir5IRA2YmHip$73a7920a29e3afa1889850cddcf59bd5a7ff1f537ce21206084ba8425a9a16cf"
"46","Traci Carpenter","elizabethstewart@hotmail.com","341.28","74632 Smith Way
East Ashleyton, MN 07618","pbkdf2:sha256:260000$2MzsRkX3bJCU3dyp$35650fb06a4892208730e1042447a473f96be2b057e2a778c82879c75c539498"
"47","William Mccarty","kaitlyn18@hotmail.com","396.37","8443 Morrison Neck
Markshire, PA 79269","pbkdf2:sha256:260000$vkpUicr5C14pZY1O$7a667400f5e8502697d4e424d8bc887a47bc0e85e3382e5f30d85a2392e9bd15"
"48","Devin Oliver","ywallace@hotmail.com","396.74","07432 Garcia Trafficway Suite 804
East Brianview, NC 87085","pbkdf2:sha256:260000$0v5xCfGqop5iVcqb$1e08e091ee4ea25aad50947b97ef2d724f954eb7851ecfcc865f3955a5abdcf8"
"49","Valerie Rivera","ricksmith@yahoo.com","129.19","90555 Valerie Springs
Michaelchester, MN 75887","pbkdf2:sha256:260000$Y35rZrZ69DJpRs0M$c5f03a0ec7b12d500e1b02469269a139003e41906239b3bbc54b6e11055bba4b"
"50","Mr. Kevin Riddle","richardharding@yahoo.com","245.44","0422 Martinez Road Suite 296
Lake David, NH 41606","pbkdf2:sha256:260000$lMwkyQEvplft2Ep4$cd8436790c13075a8ae6029844f5a9f004be89518b66ee04c8f7ba4850c07b37"
"51","Kathleen David","martinezsarah@hotmail.com","174.93","9516 Cook Ranch
Melissaside, AR 04391","pbkdf2:sha256:260000$XtpjyMHed7Yq7WQ0$f883aedc8d455604ab72cfa8a13ddf8664adaa0b703952ca6c05c185435d5769"
"52","Stephanie Calhoun","alexanderboyd@yahoo.com","51.04","554 Victor Forest
New Rebeccaville, NE 84490","pbkdf2:sha256:260000$uUzrqlBvxheDToqr$81a244468d68ee53e4276ce925576c4294c4650880b63434a9b223465f349524"
"53","David Mckee","mcculloughpatrick@yahoo.com","297.52","0051 Natalie Pine
Port Ashleyside, IL 78104","pbkdf2:sha256:260000$zzrvtnjLvmnTjIpL$277d35a00c76dc2acaa34d01182f8ded5db5dbb7e954d2e88f1ce0fdf0e3dc03"
"54","Jorge Nelson","jason73@yahoo.com","225.86","USCGC Roy
FPO AP 62955","pbkdf2:sha256:260000$eMaD7COHKu2avESb$d55c41ea0513dc68ff39aff3f56d01ff11a6841959b1533f1e051a6d7f0d7077"
"55","William Edwards","susan41@hotmail.com","473.98","70754 Strong Camp
Port Ethan, VT 92827","pbkdf2:sha256:260000$ap4UTZqmmoDmsO0n$1bd67d687c0e4c840ff7ed115283c33cf7e623fb40141d57c3a96c0ec4607b10"
"56","Ms. Kimberly Edwards","patrick03@hotmail.com","370.11","0066 Heather Springs Apt. 563
Kaylahaven, OK 20841","pbkdf2:sha256:260000$neHCmaqTmTnjV1mi$fb850e6bb978f70dfa62264af732f3074f3a3eccc15eb08f67bab3fb8877b6dc"
"57","Jimmy Walker","jmcmahon@gmail.com","475.99","521 Gibson Fields Suite 602
Tiffanyside, TN 57606","pbkdf2:sha256:260000$jPQ36dzyl2yrbA1P$acdc895e0ac0d42b7d6827904ce219c93b02f9cfd1545ec3f7de6fe2a8a9af68"
"58","Tracy Davis","brownshane@yahoo.com","76.10","900 Stephanie Locks
Kristenfort, CT 73331","pbkdf2:sha256:260000$g8RYIAdPycdcMiyK$ac9fc8b97bf00de3772d28b8ce1f704e671fd835e7141f34280a23ffde07ad1d"
"59","Stephanie Garza","gregorymontgomery@hotmail.com","453.82","53799 Sydney Parkways Apt. 735
Matthewtown, NE 99089","pbkdf2:sha256:260000$umQLDfB7K4DR7YIh$9e320458c2b5ef09068ddb708d9d6f6c82a2dcede192f3b8d76c4fd166b7f064"
"60","Timothy Padilla","nathan44@hotmail.com","362.00","2616 Donna Mountains
Alexandertown, NH 64221","pbkdf2:sha256:260000$m8Rb77zJ40Plx2kF$f6761148c738e4b97ccf8cb82fdd8845e144b7d39325b833d76ce0e737802d3f"
"61","Tammy Sexton","qdyer@yahoo.com","127.83","5640 Sara Lakes Apt. 150
Valenciachester, OR 56221","pbkdf2:sha256:260000$VRWex4P9WnTgTCNV$16c90caa26eca9ef8921b0bbd6dabb536614d68d3dacedda7d43f75ac5d94684"
"62","Cody Morris","debra49@yahoo.com","30.39","57680 Weaver Route Apt. 509
Duffychester, TX 94575","pbkdf2:sha256:260000$CLAbIkBZcDXPIMSy$65f8c00086fda7136cef9aae8f549d75e0cdf8d56829cd84f1de0fef0ae9986a"
"63","Lindsey Davenport","amanda91@hotmail.com","179.34","Unit 5182 Box 9799
DPO AA 69551","pbkdf2:sha256:260000$PEWvV28Hjblwk6DQ$88fbb631843f27c0fbdae816bc90d713ce6e5fb7fa3653a83f65e1f339029bd0"
"64","Ronald Ferrell","mhiggins@hotmail.com","447.23","0587 Donna Skyway Suite 195
Port Brendaburgh, ME 87382","pbkdf2:sha256:260000$0pE6VJtcwWd1CTMY$8ad05f22a306e84611ac92a1213dd4a3a0f4adf4ba9cf57ace661df975866bdc"
"65","Caitlyn Fisher","mary99@gmail.com","405.02","725 John Summit
Wellston, HI 80342","pbkdf2:sha256:260000$wBlrmT8vEBogztJn$0f139eeae14afa4e5e0d74d388e9218323ec1fb50aeadf73e15b4e8873235b88"
"66","Travis Richardson","heatherroman@hotmail.com","361.17","643 Shelly Spur Apt. 344
Port Danielberg, NM 34987","pbkdf2:sha256:260000$M8WhcMFApl3wi34O$d76f9933bfd2f5216ad9777a8890557d849b4dfa9764574225546ed9a179895e"
"67","Samantha Parrish","jeffreysmith@gmail.com","472.08","9440 Nelson Course Apt. 907
East Christopherview, VA 10193","pbkdf2:sha256:260000$lfpRJQEUlLO9sxsT$a1832d9240486473b68f24f059439dce8a75591a29f59d440cd451d6d2e73531"
"68","Jonathan Ayala","joshuawatson@hotmail.com","46.61","87513 Collins Radial Apt. 001
New Roberto, NY 12950","pbkdf2:sha256:260000$t2efpqlFY71juIAn$1f5612acbf50eed9516f5bf9af09b98fa79eb53b2077ab27721da17c6d12c604"
"69","George Butler","christopherwilson@hotmail.com","442.81","8103 Michael Way
West Linda, ME 25927","pbkdf2:sha256:260000$2PSPSVilE3hD3MDQ$e4e7f7080a9e89c8f0b0b34739f1828d5df0708ca7912e01fb98a6e6b9089658"
"70","William Bailey","patricia10@yahoo.com","227.49","Unit 4616 Box 6533
DPO AE 79485","pbkdf2:sha256:260000$T9sB4UZWBJzcvFUS$23538817320fdc05e95de25ce36f3cab08b681119e66333bcc8010fd9354e916"
"71","Kimberly Park","michael74@yahoo.com","272.72","6179 Chapman Turnpike
Davisville, AK 20599","pbkdf2:sha256:260000$4ysdIz2XeC76hZwj$2c449c63b1df27fd7570feeb439f64127bf44502085905ad3d5a6f839cb4459f"
"72","Sonya Lucas","upayne@hotmail.com","487.18","9623 Darlene Vista
Boyerhaven, WV 23452","pbkdf2:sha256:260000$oeiSGQ2ojZOb51fg$fa695315ced21d66c28cd3f4e090ce50eb0003c0805a8e55eb43117b56a84bed"
"73","Heather Jackson","kathrynespinoza@gmail.com","145.70","9018 Lara Green
Ronaldfurt, AL 96547","pbkdf2:sha256:260000$SMToTpn9zuirKbbm$a9a3ca01d785286597578300a7926ead4a7b0a37cbeb1fda5902c0bcb6751537"
"74","Erin Williams","nicole92@hotmail.com","284.55","21827 Alejandro Bypass Suite 314
Shannonbury, TX 79795","pbkdf2:sha256:260000$7tpvHkGJyvHCsEsH$a9891a2b11f13c17286983251321aa330c3490487c92391c0f06b33ae48ecca6"
"75","Matthew Forbes DDS","alexandramitchell@gmail.com","171.90","65659 Kirby Island Apt. 019
Rodriguezmouth, IN 45087","pbkdf2:sha256:260000$uxw4GwBmGgQmNlbX$1ef40a784187a442879dfc43a882e6c0abfbfb66eb9c09acdc09c1e7ebca9bb6"
"76","Eric Norton","gregg31@yahoo.com","289.39","1183 Stephen Prairie Suite 402
Lake Stephaniemouth, TN 99530","pbkdf2:sha256:260000$6J5WlWlN3uqyU6EP$1c2fc5bf63dafa717e9878e85843b1b720a3d6b387141e1a5d0f947de5097162"
"77","Kevin Massey","evanslisa@gmail.com","229.89","7804 Hudson Hills
Amberfurt, LA 10945","pbkdf2:sha256:260000$q1rD7lZ4YlXhccjy$fcc81a85ccee26e64ec0c1acb70845f65a23c9b8483e92799a69ad855512ca89"
"78","Michele Hall","shawnharris@gmail.com","339.53","726 Gerald View Apt. 592
Huangstad, RI 55872","pbkdf2:sha256:260000$PwRPWNCln3UG1ZxC$5420fabd71f0363e8f493a4ad099bd637655580bb5cba25f26574ee27b37e449"
"79","Jessica Miller","danieltucker@hotmail.com","360.21","67926 Ann Alley Apt. 895
Port Davidhaven, IN 92657","pbkdf2:sha256:260000$g87r8Ll57wxxmJCa$63c89188d842b6a92207fd363ae0a700f5bc5db17c6177a9cee9cfdef7c1c9fd"
"80","Samantha Olson","morgantaylor@hotmail.com","101.75","USCGC Murphy
FPO AE 11473","pbkdf2:sha256:260000$CdJUT0iUKpddgce4$7e15fc92ab93a43cfc1282934c1600a6bf1de9ee3e401858b864c69294d6951e"
"81","John Bell","debra23@yahoo.com","174.48","2907 Madden Prairie
Lake Desireefurt, MD 53140","pbkdf2:sha256:260000$KuP4HKNXMyJzFDBv$6da3edde7120a5b1421208351c8c37dca2b10d6172038c2e1e5fcbd613c114b0"
"82","Joshua Salas","petersonshelly@gmail.com","0.73","3400 Ryan Springs
Michelletown, WI 80213","pbkdf2:sha256:260000$JG1aAv1Aw1NCqUVI$ce357c4e6ffbf7fa59a35d035be2c5eafa85b53dbbebbb705a0e4387f69d3ac6"
"83","Richard Morales","valerie19@hotmail.com","76.15","769 Deleon Flats Apt. 564
Alisonmouth, DC 43604","pbkdf2:sha256:260000$0HG044GFQp3AW2ML$7ed45a645ab8cfc4348e4ba9fa0bdf49a87da0d76e23d2331c9c15ff10440969"
"84","Joseph Johnson","paul12@yahoo.com","285.52","215 Kristen Ports
New Deborah, IN 29790","pbkdf2:sha256:260000$HjgFTxl540As1xDr$5401c8cd7de71c7e6464bc0d94aa113a0a5142bd0266742eb96f4fa97332365d"
"85","Crystal Palmer","barbaranewton@yahoo.com","498.30","71463 Stacey Pike Suite 340
Port Rhondatown, AR 79141","pbkdf2:sha256:260000$reUQXayzN4ShUSP0$9fa0573af13c78527e2d915627272d01385b6680fce7495a9ed4545aef4465d0"
"86","James Gray","rbuchanan@yahoo.com","296.52","813 Charles Extension
South Kristinstad, NH 23833","pbkdf2:sha256:260000$Ou3LGTDtyh6sBKaz$cb7ceb5ea9d2128a246be5c0372e5c2d3baeeda6379efc79459e0eb2d934bd1f"
"87","Eric Myers","christopher24@gmail.com","329.24","089 Tamara Stravenue Suite 340
Aaronmouth, MA 13454","pbkdf2:sha256:260000$zXPLxq5P5neFsebh$3d6c9eb96cc054416d6aa7658eaca6c8470e3336400b34dedfca8b8c3f4e9289"
"88","Cassie Hogan","mercadobrandon@gmail.com","352.51","8393 Davis Spring
North Coreymouth, MS 82835","pbkdf2:sha256:260000$rG8CTUKsFKp0tfG4$724e932e016c0fd0e1903c89f228d2485d1321497b21dd7af56cc6d2870b4a7b"
"89","Karen Lee","bnelson@yahoo.com","372.69","3137 Mark Villages
Boonefurt, MS 80386","pbkdf2:sha256:260000$vDwGh9uIMS8ZjqCp$f0ad64bf77ee6bfbac354ae8b69bc2e4d964abd8ca7509e1629541ab1d0006c3"
"90","Brittany Carroll","snyderamber@gmail.com","255.61","8564 Fernandez Vista Suite 940
West Jenniferfurt, MI 78607","pbkdf2:sha256:260000$cubzwDI8bShIFVfs$ffe5db180f344133a323f03af1abf3c20d26637ccd98af98ce56d7c2294fc88d"
"91","Benjamin Decker","cantupatricia@yahoo.com","499.06","78193 Parker Forges
Littlebury, MI 82557","pbkdf2:sha256:260000$SUxVaSpucMAtCAPM$674769555a708419e4530dcb4cadab6d5bf610ff9e5197fb5640090b37f3eea0"
"92","Steven Davis","stuartdavis@yahoo.com","103.22","PSC 7057, Box 7049
APO AP 36099","pbkdf2:sha256:260000$N3BrdCWl5SgwSjxW$81e98e8189660034e3bccc26d37e0502816c3121388c5b9e54af0dcaddb5ccb6"
"93","Robert Morris","howardgregory@yahoo.com","484.32","89826 Elliott Overpass Apt. 357
Reginachester, LA 57645","pbkdf2:sha256:260000$QU2nAqE3fY43JnFv$476d2b359619ff77c4bb04234558b0e3690bafa0c6d52cd3bf047157bcc7da87"
"94","John Gutierrez","paullawrence@yahoo.com","26.32","45396 Davis Road Suite 031
Virginiaville, KS 57281","pbkdf2:sha256:260000$MxJnBGt6WzzEzScB$5785c55b522ec34fc3518e2c6d53d887528645d31447c29bdfc3bc7ba33cd730"
"95","Kelsey Knight","steinpamela@gmail.com","201.50","133 Zuniga Summit
Robertston, SC 08684","pbkdf2:sha256:260000$NSylP5lL62mqfoai$8176304cb072dba1a22ca66ab2975163a5dad88074e16a73b003dc4f8b5294e6"
"96","Rebecca Morales","ian93@yahoo.com","178.10","402 Cox Pass
Tinachester, NV 24476","pbkdf2:sha256:260000$3j2X6sDtHqFi2SFZ$9d327965ab89946f38639e206f924865c89aa8d1812004d6a77bc386ba99a11d"
"97","Kimberly Smith","nrogers@gmail.com","243.13","04001 Green Island Suite 629
New Mariamouth, ME 75278","pbkdf2:sha256:260000$dTPNBJP0WwtNsxtM$83efd521b258ff7e791e33179cf23cbb994e8577607c04ecb0f249413c0d6d5d"
"98","Courtney Miller","troylopez@yahoo.com","54.54","1788 Roger Summit
South Dawn, TX 48780","pbkdf2:sha256:260000$R5rI5EX6TaOhus6t$bd493ecfce84a3cb6365346fe42d484b07b3f57691aff59061c6df3776d7d704"
"99","Angela Neal","audrey02@gmail.com","401.65","6946 James Orchard Suite 204
Port Joshua, WY 95985","pbkdf2:sha256:260000$AgTnYkoOQRjijFpP$5ab38173b50622f15444c0272d197a7fe3afc677ca8004d7a9731ac6ce5a2436"
